Date,Austria_GDP,Belgium_GDP,Bulgaria_GDP,Croatia_GDP,Cyprus_GDP,Czechia_GDP,Denmark_GDP,Estonia_GDP,Finland_GDP,France_GDP,Germany_GDP,Hungary_GDP,Ireland_GDP,Italy_GDP,Latvia_GDP,Lithuania_GDP,Luxembourg_GDP,Malta_GDP,Netherlands_GDP,Poland_GDP,Portugal_GDP,Romania_GDP,Slovakia_GDP,Slovenia_GDP,Spain_GDP,Sweden_GDP,Austria_INFLA,Belgium_INFLA,Bulgaria_INFLA,Croatia_INFLA,Cyprus_INFLA,Czechia_INFLA,Denmark_INFLA,Estonia_INFLA,Finland_INFLA,France_INFLA,Germany_INFLA,Hungary_INFLA,Ireland_INFLA,Italy_INFLA,Latvia_INFLA,Lithuania_INFLA,Luxembourg_INFLA,Malta_INFLA,Netherlands_INFLA,Poland_INFLA,Portugal_INFLA,Romania_INFLA,Slovakia_INFLA,Slovenia_INFLA,Spain_INFLA,Sweden_INFLA,Austria_UNEMP,Belgium_UNEMP,Bulgaria_UNEMP,Croatia_UNEMP,Cyprus_UNEMP,Czechia_UNEMP,Denmark_UNEMP,Estonia_UNEMP,Finland_UNEMP,France_UNEMP,Germany_UNEMP,Hungary_UNEMP,Ireland_UNEMP,Italy_UNEMP,Latvia_UNEMP,Lithuania_UNEMP,Luxembourg_UNEMP,Malta_UNEMP,Netherlands_UNEMP,Poland_UNEMP,Portugal_UNEMP,Romania_UNEMP,Slovakia_UNEMP,Slovenia_UNEMP,Spain_UNEMP,Sweden_UNEMP,FCI_house_BE,FCI_corpo_BE,FCI_gov_BE,FCI_total_BE,FCI_house_FR,FCI_corpo_FR,FCI_gov_FR,FCI_total_FR,FCI_house_GE,FCI_corpo_GE,FCI_gov_GE,FCI_total_GE,FCI_house_IT,FCI_corpo_IT,FCI_gov_IT,FCI_total_IT,FCI_house_LU,FCI_corpo_LU,FCI_gov_LU,FCI_total_LU,FCI_house_NT,FCI_corpo_NT,FCI_gov_NT,FCI_total_NT,FCI_house_SP,FCI_corpo_SP,FCI_gov_SP,FCI_total_SP,FCI_house_EU,FCI_corpo_EU,FCI_gov_EU,FCI_total_EU,GDP,Infla,EPU_world,FCI_house,FCI_corpo,FCI_total
2010,-0.0767228258017111,-0.0782393201344525,-0.207157143506523,-0.10841127271229,-0.0373555117000282,-0.072473411629016,-0.045140239504224,-0.0652522899682081,-0.0635185425904261,-0.0371184641556652,-0.0167742744006764,-0.148071956341096,0.0462904545567251,-0.0504722230132461,-0.196259943247895,-0.0901050845245088,0.00306564267880294,0.00696572861521316,-0.0263202506756709,-0.132036125745383,-0.0116781653773144,-0.411597477569746,-0.0540510072810706,-0.0396692931723789,-0.0737357601355614,-0.0630230572160546,75.05,90.11,107.18,112.07,114.37,95.2,89.11,62.84,92.75,96.66,83,94.69,111.53,116.8,78.52,82.75,80.09,91.5,111.67,104.6,107.74,123.93,97.83,117.41,134.08,72.44,5.4,8.6,10.5,10.3,6.8,7.8,7.8,18.6,8.9,9.4,7.1,10.8,14.1,8.5,21,17.6,5,7.1,6.1,10.4,12.1,9.2,14.6,6.9,19.3,9.1,2.663399935,-0.323399991,0.577300012,-0.151600003,-0.532800019,-0.4833,-1.310799956,-0.483500004,0.758099973,-0.572600007,-0.694800019,-0.436500013,-1.486999989,-0.993300021,0.020099999,-1.052899957,-0.91170001,-1.923900008,-1.979200006,-1.92019999,-2.011600018,-1.638800025,-0.186399996,-1.672199965,-0.909300029,-0.270200014,-0.117399998,0.75849998,-1.377799988,-1.175600052,-0.305599988,-1.220600009,3.09,2.4,110.5996318,-1.377799988,-1.175600052,-1.220600009
2010.25,0.0560150204972616,0.0511359342558115,0.172961428755716,0.115470372809298,0.05339971689364,0.089276746855421,0.0429533625476579,0.102438038793104,0.0653951443957483,0.0240707617335438,0.0212102857713825,0.11065065983371,-0.00131658288810887,0.0512368362391964,0.129702511864799,0.107151823822675,0.022223622576512,0.0460016602102933,0.0467537731184,0.016969999346333,0.0238130274608819,0.216238767938774,0.0864978163489916,0.083761098311844,0.0500935660505069,0.0895884559795015,77.21,90.83,106.52,110.49,112.79,95.4,90.99,63.42,93.56,98.6,84.3,94.21,107.73,117.9,78.8,84.57,78.99,91.16,111.54,105.87,108.16,121.99,97.23,118.08,136.26,73.33,5.3,8.4,11.1,12,6.6,7.3,7.7,17.8,8.6,9.3,6.6,10.9,14.3,8.7,20,17.9,4.2,6.6,6.1,10,12.6,9,14.5,7.2,19.9,8.7,2.336899996,-0.416200012,1.000699997,-0.257200003,-0.995000005,-0.633400023,-0.667699993,-0.646300018,0.374900013,-0.656599998,-0.321799994,-0.552900016,-1.793400049,-1.002099991,0.394800007,-1.094900012,-1.396199942,-2.025700092,-2.266799927,-2.026499987,-2.073600054,-1.692499995,0.066500001,-1.734500051,-1.363800049,0.269600004,-3e-04,1.220600009,-1.518599987,-0.790000021,0.084600002,-0.870599985,5.44,2.08,128.11202,-1.518599987,-0.790000021,-0.870599985
2010.5,0.0152742317512073,-0.0503188951143368,0.104919715521666,0.144696232160242,0.0148278578379131,0.0120495813792667,0.00160596425165282,-0.0180524161524834,-0.0246479892683774,-0.015641841028047,0.0247206860845228,0.0322089093118638,-0.0060774485789844,-0.00128132821423821,0.014293765049439,0.0672368271862902,-0.0441282235693004,0.0585940083327823,-0.0317400264085528,0.00761473257269096,0.00868940301330134,0.12217783728556,0.0648041809148978,-0.0102436598707111,-0.0274148596369883,-0.0809456292824726,78.19,92.8,105.38,109.52,112.39,95.1,91.73,65.82,94.62,101.26,84.3,93.75,104.59,118.8,80.83,83.94,80.2,94.04,111.68,106.02,107.32,117.48,96.53,116.53,134.01,74.44,5.1,8.6,11.4,12.3,6,7.1,7.6,15.8,8.4,9.2,6.3,10.8,14.6,8.5,19.4,18.1,3.7,6.6,6,9.8,12.9,9,14.3,7.3,20,8.7,1.764299989,-0.574500024,1.271700025,-0.444999993,-0.98299998,-0.5898,-0.168300003,-0.603900015,0.29519999,-0.336199999,-0.156900004,-0.258399993,-1.766499996,-0.703000009,0.649699986,-0.814999998,-1.507500052,-1.902699947,-2.254499912,-1.904199958,-1.804499984,-1.370300055,0.311199993,-1.417400002,-1.23300004,0.852199972,-0.282400012,1.784600019,-1.576699972,-0.513400018,0.264099985,-0.614000022,4.09,0.34,131.8102028,-1.576699972,-0.513400018,-0.614000022
2010.75,0.0455332512259301,0.113168375778852,0.0196969696969698,-0.126170549649401,-0.00308205104789738,0.0229635414124654,0.0227919796462321,0.0533486795035307,0.0856602186711524,0.0491662809737794,0.019387412883757,0.0445730106097746,0.0272279197593417,0.0275057577185016,0.0779371653702394,-0.0333899951432735,0.0402536679744183,-0.0661585556319111,0.0337210677645827,0.163425299716329,-0.00911202161886504,0.14984370737287,-0.0289516099712787,-0.0116308279742766,0.0542938629788456,0.15172695138923,78.84,92.65,104.15,109.8,112.05,95.2,90.78,63.51,94.6,102.45,83.8,91.99,99.98,118.9,83.25,85.55,81.28,87.45,111.02,105.95,106.21,114.77,96.63,116.8,133.86,75.65,4.9,7.9,12.5,12.2,5.8,7,7.8,13.7,8.4,9.2,6.3,10.7,15.4,8.5,18.3,17.5,4.5,7.1,6,9.8,12.9,8.8,13.8,7.7,20.2,8.3,1.180899978,-0.551599979,1.483700037,-0.460900009,-0.683600008,-0.473100007,0.149100006,-0.479299992,0.31310001,-0.157100007,-0.116599999,-0.091499999,-1.447700024,-0.467099994,0.693499982,-0.567099988,-1.33829999,-1.46389997,-1.832800031,-1.470999956,-1.309999943,-0.716300011,0.519900024,-0.777700007,-0.827899992,1.153499961,-0.717299998,2.144200087,-1.421399951,-0.340200007,0.413800001,-0.433699995,3.84,4.04,126.8447726,-1.421399951,-0.340200007,-0.433699995
2011,-0.059652142666713,-0.0743980174053368,-0.23875012201603,-0.107879478152827,-0.0455492706162548,-0.083340622523332,-0.0368705302278751,-0.0367373456972416,-0.0790632711232225,-0.021468414438054,-0.00929313122503672,-0.139151950619241,-0.0154481832502646,-0.0496761881543701,-0.185628602221077,-0.0688669765104887,-0.00594131018805544,-0.0256890553920256,-0.0139509700092284,-0.130270780158827,-0.0171655196076453,-0.341587936825556,-0.0890949480830672,-0.0350870504511375,-0.0667705658979058,-0.0655879748467152,78.96,93.51,102.03,108.81,111.56,95.4,89.9,67.03,95.84,103.13,86.1,91.73,95.45,118.3,86.98,89.2,80.93,88.65,111.18,105.88,105.45,110.14,96.78,122.24,129.31,76.32,5.2,7.1,12.3,13.1,6.9,6.9,8.1,13.7,8.4,9.2,5.9,10.7,15.3,8.1,17.3,16.6,5.3,6.6,5.9,9.7,12.9,9,13.6,8.1,20.6,8,0.917500019,-0.240500003,1.698400021,-0.181400001,-0.494100004,-0.292299986,0.537899971,-0.296799988,0.410899997,-0.029200001,0.292899996,0.035300002,-1.243899941,-0.27579999,0.898800015,-0.370400012,-1.089599967,-1.008000016,-1.121000051,-1.019000053,-1.127699971,-0.292800009,0.998300016,-0.364600003,-0.390300006,1.113199949,-0.847599983,2.180599928,-1.106600046,-0.0297,0.917699993,-0.113600001,6.41,4.26,110.4977283,-1.106600046,-0.0297,-0.113600001
2011.25,0.0402651471961393,0.0468427384104229,0.222687638912634,0.132066712317638,0.0549210614712796,0.0795682259151198,0.0357569060773479,0.088325464467472,0.041379156780615,0.0155457033935875,0.00425391883043114,0.0939307614805116,0.0436539994963907,0.0415172909248278,0.151816795650047,0.0989848571717649,0.00423054934774703,0.0255424333974181,0.0395434179144787,0.0330006677328092,0.0131991005513745,0.221009946641543,0.0799230020962063,0.051614007823098,0.0459715750505085,0.0542143454368134,81.28,94.16,100.23,110.53,113.99,95.9,91.94,68.98,97.55,105.14,87.1,90.97,90.5,120.7,88.51,89.88,82.88,90.79,109.59,106.57,103.18,108.11,95.35,121.89,127.76,76.34,4.8,6.9,12.2,14.1,7.4,6.9,7.5,12.7,7.9,9.1,5.5,10.6,15.1,8.1,16.8,15.6,5.4,6.5,5.9,9.9,13.1,9.1,13.3,7.9,20.8,7.9,1.243899941,0.482899994,1.501000047,0.530700028,-0.388000011,-0.169100001,0.762000024,-0.174899995,0.642499983,0.188099995,0.644500017,0.259900004,-0.75029999,-0.170300007,0.826600015,-0.227400005,-0.591000021,-0.387300014,-0.399500012,-0.4005,-0.482899994,0.263000011,1.205800056,0.216199994,0.174400002,0.807699978,-0.939300001,1.971199989,-0.581799984,0.388099998,1.29369998,0.326700002,0.95,2.24,107.4140461,-0.581799984,0.388099998,0.326700002
2011.5,0.00138343726393431,-0.052368427626719,0.079272413712741,0.141911010867336,-0.0122819387267723,-0.000546410032516764,-0.021716866240431,-0.0117468097692893,-0.018224625457932,-0.0202498930360209,0.0193330079811096,0.0297391686497455,-0.0290959081758572,-0.00958335471430083,0.0319212708562293,0.085757687350396,-0.0198422556204199,0.0401713979646492,-0.0372073523041065,0.017927356468433,-0.00192037779252829,0.17580733481727,0.0704557708776048,-0.00494689910830581,-0.0286035678597546,-0.0860378397630436,82.59,96.05,99.54,111.31,111.22,95.3,88.9,70.29,97.31,107.28,86.7,89.75,85.12,120.3,91.36,89.67,82.87,91.03,109.17,105.41,101.49,102.31,95.84,119.01,123.2,76.16,4.3,7.7,12.1,14,8,6.6,7.6,11.1,7.8,9.2,5.4,10.7,15.6,8.6,15.7,15.3,4.2,5.9,6,10,13.6,9.1,13.3,8.1,21.7,7.8,1.067299962,0.783200026,1.043400049,0.805800021,-0.01,0.463400006,0.626100004,0.449000001,0.906799972,0.83890003,0.5722,0.896499991,-0.227500007,0.503899992,1.030599952,0.449400008,-0.225600004,0.061900001,0.113399997,0.049600001,0.225799993,0.749100029,1.029500008,0.719099998,0.742200017,1.27670002,-1.157199979,2.45539999,-0.299400002,1.000800014,1.262099981,0.922299981,0.65,1.38,187.2601568,-0.299400002,1.000800014,0.922299981
2011.75,0.0370867255171108,0.106278064622225,-0.00726617073881741,-0.137383060099478,-0.00412185967255385,0.0137588371183088,0.0347293737447301,0.00934952397240751,0.0569834213767686,0.046666973899534,0.00724571344649916,0.0543418053701634,0.0209466910337186,0.00440310363314,0.0619402623807912,-0.0465934625005301,0.0166323459527957,-0.0379763130792997,0.019546559028552,0.15159898250461,-0.0200377707155114,0.0738273299927119,-0.0405861856452072,-0.00875989578744674,0.0390094663562799,0.104330179282869,83.06,95.79,98.1,111.99,107.6,94.4,85.73,70.98,96.76,106.28,87.3,89.34,80.38,119.5,88.05,90.31,85.67,88.73,107.15,104.92,98.25,98.75,94.42,118.4,116.8,74.67,5.2,7.2,12.6,13.7,9.4,6.5,7.9,11.4,7.8,9.4,5.2,10.6,15.7,9.4,15.5,14.1,4.7,6.5,6.3,10.2,14.6,9.2,13.8,8.6,22.6,7.9,0.059300002,0.408499986,0.494300008,0.386099994,0.902400017,1.116299987,0.173199996,1.114899993,1.103399992,1.127400041,0.142000005,1.181800008,0.519500017,1.261999965,0.919799984,1.22329998,0.0099,0.419999987,0.154799998,0.407200009,0.67839998,0.834100008,0.401300013,0.849600017,1.129099965,1.738299966,-1.587599993,2.933300018,-0.183899999,1.241700053,0.958299994,1.156999946,-1.25,3.15,182.2395772,-0.183899999,1.241700053,1.156999946
2012,-0.0535729821703889,-0.0831116810022015,-0.233371035802845,-0.130120732722731,-0.0536903440621532,-0.0753576753481584,-0.0447039804688144,-0.0570177915842982,-0.0822040747176567,-0.0275425679710536,-0.0130117432294903,-0.160190851035427,-0.0360136509079477,-0.0559914077820278,-0.131128484489321,-0.0836742558994427,0.000270073750908928,-0.00843034925732633,-0.0286027195495802,-0.149084735174027,-0.0209551833643301,-0.322836463995044,-0.0678060320068189,-0.0445420724507029,-0.0707556934999835,-0.0589324891375178,85.3,96.51,98.23,111.36,106.4,93.9,85.74,71.91,98.39,104.87,88,90.21,76.76,119,89.22,89.99,84.6,90.5,105.19,103.5,96.84,101.74,93.74,113.6,110.97,75.55,4.9,7.3,13,15.1,10.4,6.8,7.9,10.8,7.7,9.5,5.2,10.9,15.9,10.3,16,13.9,6,6.3,6.5,10.2,15.4,8.9,13.8,8.2,23.6,7.9,-0.357800007,-0.081100002,-0.054699998,-0.110299997,1.784999967,1.299600005,-0.476099998,1.327499986,1.293499947,1.078600049,-0.407099992,1.150500059,1.58829999,1.829399943,0.177900001,1.848899961,0.066799998,0.548500001,-0.158199996,0.532400012,0.608200014,0.658500016,-0.0634,0.695299983,1.486899972,2.158299923,-2.226300001,3.39560008,-0.201299995,0.910899997,0.461100012,0.842800021,1.79,3.93,146.2625457,-0.201299995,0.910899997,0.842800021
2012.25,0.0159303771239123,0.0429706305684163,0.205986664775145,0.124650027519204,0.0351365879880761,0.0536752723218115,0.0269129449596026,0.0945763828576562,0.0297591578632277,0.00179454544385949,-0.00911040923716011,0.0846874471216217,0.00490265700864279,0.0307957958044323,0.122875131164743,0.0818356815865673,0.0100004153858935,0.0632928475033738,0.0456010647193266,0.0188616578680558,0.00236525456912151,0.195039383832251,0.0723471923140633,0.0306847931533976,0.0333285148211766,0.0475785438318008,85.44,96.72,98.67,109.86,106.02,94,86.99,74.27,99.44,104.94,89.1,87.12,75,118.1,90.28,89.05,86.26,89.49,103.45,102.82,94.64,101.15,92.89,114.91,107.37,76.66,5.2,7.3,13.2,15.3,11.5,6.9,8.2,9.8,7.8,9.7,5.1,10.7,15.7,10.9,15.9,13.3,4.1,6.1,6.7,10.3,16.1,8.7,13.8,8.3,24.5,7.9,-0.088399999,-0.422800004,-0.470699996,-0.421499997,2.074800014,1.11559999,-0.939400017,1.162999988,1.095100045,0.708999991,-0.617200017,0.780799985,1.876700044,1.738000035,-0.290800005,1.784800053,-0.098200001,0.519999981,-0.570200026,0.501100004,0.56309998,0.362500012,-0.390899986,0.419099987,1.587599993,2.608599901,-2.694299936,3.865499973,-0.130899996,0.611299992,0.132100001,0.566200018,-0.09,1.03,158.8863014,-0.130899996,0.611299992,0.566200018
2012.5,0.00301418387114949,-0.0530746210566037,0.0940242324432419,0.148378654410826,-0.00110943253705975,-0.00479725622992111,-0.00762481643268453,-0.0109168513502421,-0.0250717633806911,-0.0166419500387318,0.014926883779856,0.0298242877199948,-0.0221741793302727,-0.00933714787602613,0.0284786468554341,0.118215257633302,-0.0206459042350836,0.0458814570376951,-0.0447158833051328,0.0126582433608253,0.00743270707849208,0.159170633926334,0.0631225130372457,-0.00549266355501699,-0.0253440749167844,-0.0927599377887562,88.71,97.77,98.57,109.09,110.14,93.8,87.26,76.17,99.36,105.61,90.4,86.39,75.89,115.9,92.54,89.94,86.49,96.03,99.39,101.41,93.7,97.44,93.51,111.9,103.36,77.56,5.4,7.7,13.4,16.1,12.3,7,7.8,9.8,8,9.7,5,10.5,15.6,10.8,14.1,13.1,5.5,6.3,6.9,10.5,17.2,8.8,13.9,9.5,25.2,8.2,-0.020400001,-0.595099986,-0.488299996,-0.578599989,1.581799984,0.664300025,-0.931699991,0.708899975,0.768400013,0.198799998,-0.5546,0.267199993,1.551499963,1.31099999,-0.541499972,1.358100057,-0.142299995,-0.027899999,-0.312299997,-0.029999999,0.441900015,0.0232,-0.497299999,0.083300002,1.479200006,2.691999912,-2.960299969,3.977900028,-0.1558,0.098800004,-0.137799993,0.077,2.46,2.34,144.9732087,-0.1558,0.098800004,0.077
2012.75,0.0347127531507976,0.102076415082518,-0.00074191155124026,-0.141926757640607,-0.0364865184204929,0.0181036927170808,0.0253527756074141,0.0211065006915629,0.055202315729318,0.0455254756521601,0.00650119987876341,0.0371222136535567,0.018463893959753,0.00930799231252766,0.0471798832428503,-0.0541827128797604,0.0525978729882102,-0.0419877434621685,0.023106265661363,0.137911629770101,-0.0170272635335172,0.0819808460175928,-0.0409333953272114,-0.0147020691801067,0.0326519429609433,0.117546736717646,88,97.43,96.82,105.4,108.22,93.7,86.85,75.13,99.63,104.1,91.6,84.67,76.5,113.6,93.41,89.25,88.96,94.13,99.79,100.29,94.31,97.71,91.63,107.95,101.91,77.53,5.3,8.3,13.5,17.8,13.4,7.2,7.3,9.2,7.9,10.2,5,10.6,15,11.5,14.4,13.2,5,6.1,7.3,10.6,17.7,8.7,14.2,9.6,25.9,8.3,-0.104599997,-0.752099991,-0.564599991,-0.726999998,1.011899948,0.120800003,-0.88349998,0.161400005,0.594399989,-0.230700001,-0.554400027,-0.154200003,1.187700033,0.828000009,-0.657199979,0.874300003,-0.338099986,-0.202399999,-0.534200013,-0.2016,0.293199986,-0.251899987,-0.728999972,-0.191799998,1.533100009,2.752300024,-3.378200054,4.080800056,-0.189099997,-0.31099999,-0.359600008,-0.316599995,-0.99,1.59,167.1421714,-0.189099997,-0.31099999,-0.316599995
2013,-0.0638847995426284,-0.0869525667790073,-0.265640131706372,-0.108385606166935,-0.0738724155691267,-0.078405852989695,-0.0416150243017493,-0.0501991168423049,-0.0878704536570892,-0.0338728613229549,-0.0285896786628702,-0.139677340828114,-0.0240189018428769,-0.0599936602932896,-0.175639913232104,-0.0916416897585252,-0.0235086424432233,0.0240040534549368,-0.0331531870616522,-0.154792518808267,-0.0182177763917875,-0.362741643243423,-0.0847973239120818,-0.0393431406089634,-0.0655569091399651,-0.0624794152811929,89.06,97.87,96,105.28,104.54,93.6,88.02,77.45,100.26,102.83,91.3,84.95,74.32,110.5,93.52,89.86,89.16,91.37,97.07,97.7,92.45,100.99,93.72,108.72,96.75,78.69,5.8,8.6,13.9,16.8,15,7.1,7.7,9.5,8.5,10.4,5.1,10.6,14.5,12.2,12.8,12.3,5.6,5.9,7.7,10.9,18.2,8.8,14.3,10.6,26.3,8.3,0.0078,-0.608799994,-0.464899987,-0.57980001,0.460399985,-0.209000006,-0.584699988,-0.179800004,0.348800004,-0.533500016,-0.244000003,-0.4639,0.8046,0.348800004,-0.637199998,0.392699987,-0.424199998,-0.414000005,-0.46329999,-0.40959999,0.232800007,-0.337000012,-0.745400012,-0.276300013,1.386000037,2.506400108,-3.305500031,3.855200052,-0.151500002,-0.4296,-0.300399989,-0.423400015,0.54,1.99,144.8855111,-0.151500002,-0.4296,-0.423400015
2013.25,0.0256888662239887,0.053239368564725,0.206426656116752,0.13770221834738,0.0350626307566007,0.0702973807019276,0.0460104186823567,0.0620079863091842,0.0571941192415422,0.0201648009814208,0.0161326536454931,0.110321694439157,0.040772526410181,0.0421989225112274,0.139699497408099,0.0879533073929961,0.0373631312305933,0.0460168233547749,0.0595741499784197,0.0373762158217255,0.0252722968497181,0.221617479296021,0.0721872020341139,0.0585552268244576,0.0519245643568862,0.0578173142746456,92.25,98.34,96.48,104.63,104.77,94.1,91.16,80.3,100.68,102.73,93.1,85.14,74.33,110.2,97.37,91.2,90.27,90.1,95.04,97.52,92.25,100.42,93.93,109.6,95.98,80.13,5.5,8.5,13.8,17.2,15.8,7,7.5,7.8,8.2,10.4,5,9.9,14.3,12.4,11.3,11.8,6.3,6.3,8.1,10.9,17.8,9.1,14.2,10.3,26.2,8.1,0.157499999,-0.398900002,-0.257299989,-0.367399991,0.211199999,-0.368499994,-0.360900015,-0.343199998,0.258100003,-0.720200002,0.071099997,-0.650200009,0.420100003,0.0526,-0.444499999,0.0836,-0.344999999,-0.587400019,-0.470699996,-0.579400003,0.217999995,-0.352800012,-0.584900022,-0.290600002,1.063300014,1.4648,-2.964600086,2.813499928,0.0149,-0.446399987,-0.201700002,-0.418799996,3.23,0.52,119.6731256,0.0149,-0.446399987,-0.418799996
2013.5,0.00597965399283695,-0.0532747973093608,0.117313414708204,0.147941589680276,0.019623896635538,0.00675481226074459,-0.00951348262333263,-0.0161411613041843,-0.0140872240672006,-0.0170238652757837,0.0193090629629715,0.0499766009795155,0.0121683648387814,0.00539089930066705,0.0430134835611378,0.108338936495901,-0.0213071818199722,0.0475993377483444,-0.0390139227042978,0.0128791389001424,0.00697458275631058,0.219611211702143,0.0586131936810641,-0.00943286363107032,-0.0224545083272822,-0.0876844197970074,91.79,99.46,95.52,104.97,103.05,94,91.21,84.6,100.54,103.64,92.9,85.26,78.52,108.6,98.52,89.6,91.4,94.33,95.69,97.43,92.75,98.04,93.58,103.3,96.72,81.54,5.7,8.6,13.8,17.7,16.3,7,7.4,8.1,8.1,10.2,4.8,9.8,13.5,12.4,12,11.9,5.4,6.2,8.5,10.5,16.9,8.8,14.1,9.9,26.1,8.1,0.341600001,-0.109499998,-0.1479,-0.080200002,0.238900006,-0.262499988,-0.170100003,-0.240400001,0.313600004,-0.490500003,0.314900011,-0.42899999,0.362899989,0.0999,-0.214000002,0.124700002,-0.0052,-0.475300014,-0.260600001,-0.461800009,0.3477,-0.110100001,-0.306400001,-0.046399999,0.94690001,0.868099988,-2.58310008,2.115600109,0.231000006,-0.165800005,0.075800002,-0.128600001,1.73,0.28,119.71662,0.231000006,-0.165800005,-0.128600001
2013.75,0.046894398449234,0.107190048583097,0.0134791399439094,-0.147483681946299,-0.0284050988658034,0.0114126067235139,0.0248627877389194,-0.00158327191330221,0.0437249691022437,0.0441349606609425,0.00757747551684873,0.0437938810363314,0.0235226752761397,0.0120617228410094,0.0400664084117321,-0.0489067299997418,0.0289241232217952,-0.0453801433651296,0.0341226273044737,0.137414196960189,-0.00661335661375106,0.0924720687125744,-0.0252308697503748,0.0145910076547275,0.035576899350525,0.139266070600438,91.68,98.53,95.66,103.63,100.78,93.8,89.94,86.82,99.93,102.52,93,84.13,80.77,107.1,101.08,91.92,92.74,92.83,95.42,97.49,94.89,97.59,93.52,103.22,95.5,82.78,5.9,8.6,14.1,17.1,16.6,6.8,7,8.8,8.5,10.2,4.8,9,12.8,12.5,11.6,11.4,6.1,6.1,8.6,10.2,16,9,13.9,9.7,25.8,8.1,0.591799974,0.127599999,-0.224800006,0.160300002,0.300000012,-0.226899996,-0.101199999,-0.204699993,0.412600011,-0.465499997,0.381999999,-0.396800011,0.471100003,0.0502,-0.315400004,0.0867,0.331499994,-0.119999997,0.0211,-0.104599997,0.4912,0.084100001,-0.135900006,0.153200001,0.921599984,0.1699,-1.981299996,1.315600038,0.454400003,0.113600001,0.309799999,0.159299999,1.59,0.6,124.7103834,0.454400003,0.113600001,0.159299999
2014,-0.0661412381305073,-0.0752383487720469,-0.267638415170431,-0.106352434501735,-0.0595041322314049,-0.0635515264631382,-0.0418701834854108,-0.0414764183185236,-0.0843582776663779,-0.0311306459225132,-0.0085648638393957,-0.14060313447286,0.00540211139388447,-0.0556202798103247,-0.166457380014898,-0.0852819434077492,-0.0207875001222217,0.0352982912552475,-0.0345706116648102,-0.127809012423668,-0.0210495108212273,-0.353920726764949,-0.0745337897685109,-0.0298567032740663,-0.0553945585665233,-0.0665211301512267,92.89,97.43,96.66,102.94,98.08,95,91.22,91.01,100.06,101.33,93.8,85.75,82.04,105.7,103.39,93.33,91.36,92.82,95.82,97.15,96.16,98.37,93.4,101.51,95.2,85.18,6.1,8.7,13.2,17.7,16,6.5,7.2,8.1,8.6,10.2,4.9,7.6,12.8,12.9,11.7,11.6,6.6,5.8,8.7,10.2,15.6,8.7,13.7,10.2,25.3,8.2,0.737999976,0.266499996,-0.48210001,0.301800013,0.383599997,-0.201100007,-0.251700014,-0.177200004,0.425300002,-0.511300027,0.259900004,-0.442400008,0.568700016,-0.135100007,-0.635599971,-0.080399998,0.565599978,0.171299994,0.419,0.188600004,0.719699979,0.1228,-0.235799998,0.201100007,0.924899995,-0.203099996,-1.89260006,0.841700017,0.643899977,0.269699991,0.329899997,0.321099997,3.25,0.48,107.5217948,0.643899977,0.269699991,0.321099997
2014.25,0.0220586899795974,0.0498453311474769,0.2142470086847,0.13293172690763,0.0656304920913884,0.0757740984866819,0.0285626581897072,0.0870557362085687,0.0534137087410849,0.0129327930347718,-0.0051622737754039,0.118937985182561,0.0608676427481978,0.0399834485424255,0.125855377387397,0.0828771086482396,0.00176740191917868,0.0468874928612222,0.0587191426541755,0.0288421029759527,0.0271777926797612,0.193302362556828,0.07588691007385,0.0640328060303641,0.0510298786587222,0.0531363816994874,94.35,97.42,96.97,103.82,103.55,95.8,94.68,91.98,100.47,101.53,95.7,87.55,86.62,104.7,104.9,97.11,94.72,92.73,96.37,99.3,97.7,96.88,94.91,98.84,96.78,87.07,6,8.5,12.2,17.3,16,6.2,6.8,6.9,8.7,10.1,4.7,7.9,12.2,12.6,10.6,11,5.1,5.7,8.5,9.5,14.9,8.6,13.3,9.3,24.7,8,0.627399981,0.152999997,-0.629000008,0.188099995,0.247400001,-0.299499989,-0.353700012,-0.2773,0.296299994,-0.634500027,0.0416,-0.574899971,0.351799995,-0.512099981,-0.849600017,-0.453700006,0.490399987,0.086400002,0.463499993,0.107000001,0.807399988,-0.07,-0.431300014,0.0196,0.715699971,-0.568599999,-1.797600031,0.332300007,0.689199984,0.148100004,0.173899993,0.207399994,1.91,0.6,97.43522269,0.689199984,0.148100004,0.207399994
2014.5,0.00779248473934713,-0.0517881210205884,0.110312386925582,0.144382499221209,0.0115703757150956,0.0159781699609345,0.00380647228452413,-0.0071634741537655,-0.0101951946780297,-0.00996527661726854,0.0250979233376063,0.0385313759886745,-0.014934494749043,0.00559223670657416,0.0418206971628148,0.0964555331771411,0.00369801842031814,0.0538977688069391,-0.0411548547487277,0.0162982517892762,0.00348535702533725,0.241311709761141,0.0617227554951827,-0.00462726218242138,-0.0149257251721714,-0.0869391962137049,95.32,98.81,97.21,103,102.7,96.6,94.2,95.77,100.03,102.29,96.2,89.19,93.63,103.5,109.04,98.68,95.98,94.58,96.94,98.66,97.31,96.01,94.81,97.77,96.99,89.97,6,8.7,12.5,16.7,16.2,5.9,7,7.7,8.5,10.2,4.6,7.4,11.6,12.8,10.8,9.9,6.2,5.9,8.3,8.8,14,8.6,12.9,9.7,24.2,8,0.327800006,-0.189799994,-0.688000023,-0.157000005,0.089900002,-0.316599995,-0.470899999,-0.300199986,0.183500007,-0.64319998,-0.255600005,-0.596300006,0.0594,-0.649699986,-0.847500026,-0.607299984,0.237499997,-0.338200003,0.614099979,-0.312700003,0.673399985,-0.286199987,-0.528299987,-0.206100002,0.49849999,-0.564199984,-1.61559999,0.231000006,0.581099987,-0.046700001,-0.0306,0.0088,2.58,-0.4,105.3329333,0.581099987,-0.046700001,0.0088
2014.75,0.0487474431617803,0.105652812682651,0.0405839923524811,-0.135365235511668,-0.0273086231053369,0.00753129355372328,0.0249355225862464,0.0343579036392949,0.0446582588076219,0.0414047649765621,0.0121900650914133,0.0434773405583897,0.0289669041353786,0.0094704576084077,0.0326098787469795,-0.0545940744998562,0.074343313967923,-0.030591645530307,0.0409367275629788,0.140045324876384,-0.0100892184921786,0.0897355982233454,-0.0315213822307265,-0.00030072926847613,0.0421580945347801,0.139974545649598,96.14,99.2,98.32,102.14,101.56,97.3,93.82,95.57,99.42,100.28,96.2,91.22,96.59,101.9,96.57,96.76,97.45,97.92,97.31,98.89,96.98,97.62,96.7,98.69,97.18,91.39,6.1,8.6,11.7,17.5,16.6,5.8,6.7,6.4,9.1,10.5,4.6,7.1,10.9,13.1,10.4,10,5.5,5.5,8.2,8.5,13.9,8.6,12.4,9.6,23.7,8,-0.0155,-0.513300002,-0.712899983,-0.485399991,0.063600004,-0.274399996,-0.567499995,-0.260500014,0.135299996,-0.690500021,-0.411900014,-0.645600021,-0.2509,-0.592599988,-0.704599977,-0.578599989,0.079300001,-0.433499992,0.037099998,-0.40959999,0.507099986,-0.460799992,-0.65079999,-0.388300002,0.272000015,-0.1461,-1.330899954,0.608500004,0.402200013,-0.193700001,-0.249200001,-0.147499993,2.57,-1.35,114.852452,0.402200013,-0.193700001,-0.147499993
2015,-0.0648281775867239,-0.0736414907611509,-0.262996909971605,-0.100973803914757,-0.0384726187046591,-0.0544710360020271,-0.0390746096009253,-0.0997010501571403,-0.0849011037643146,-0.0311864760940024,-0.023167924744766,-0.136706087591537,0.204757515483756,-0.0491286479942297,-0.157162432802783,-0.0891247455655714,-0.0273430639391391,0.00571337035454933,-0.0365983679203787,-0.131708754558242,-0.00964349031278411,-0.360694003396143,-0.0510071664893557,-0.0365119951868843,-0.0465528353761886,-0.062319807680791,98.19,97.94,98.85,101.05,97.52,98.3,94.51,98.31,99.49,99.38,97.8,93.6,96.43,99.7,96.63,97.49,97.8,95.3,98.29,99.06,96.94,101.01,98.26,100.11,96.67,95.21,6,8.9,10.9,16.5,16.5,5.7,6.4,6.4,9.3,10.4,4.5,7.2,10.7,12.3,10,9.6,7.4,5.5,8,8.2,13.8,8.6,12.2,9.4,23.1,7.9,-0.376599997,-0.794799984,-0.710799992,-0.775300026,0.147799999,-0.199399993,-0.753499985,-0.184400007,0.037799999,-0.618200004,-0.519500017,-0.586600006,-0.38530001,-0.587400019,-0.613600016,-0.582199991,0.0427,-0.600700021,-0.253899992,-0.573800027,0.346500009,-0.6426,-0.718999982,-0.576300025,0.079499997,0.056200001,-1.04550004,0.680299997,0.304100007,-0.413399994,-0.589900017,-0.354799986,5.41,0.88,117.6329942,0.304100007,-0.413399994,-0.354799986
2015.25,0.0217190014293549,0.0508456935309052,0.20835989178317,0.14700768004637,0.0923625864792721,0.078421828384228,0.0441655801825294,0.108641975308642,0.0619673120024129,0.0104330327724209,0.00282096745262805,0.104474385424058,-0.0464615048311912,0.0435120634723785,0.146873436718359,0.0860335195530726,0.024148712733908,0.0764534112025483,0.0600274078460583,0.0326333774571834,0.0293780805642818,0.218287085332777,0.070213368812674,0.0624308889149072,0.0588075144085913,0.0806752916166762,99.97,99.13,99.71,99.13,100.59,99.4,100.15,101.6,100.43,99.55,99.9,98.69,98.6,99.8,100.06,100.49,99.87,96.07,99.2,100.43,100.57,99.76,100.16,102.38,100.67,98.37,6.3,8.6,10.7,16,15.3,5.1,6.4,6.6,9.6,10.4,4.4,6.8,9.9,12.4,9.6,9.3,5.5,5.4,7.9,7.7,12.9,8.4,11.5,9.1,22.5,7.7,-0.5898,-0.928600013,-0.466199994,-0.915600002,0.221300006,-0.170599997,-0.719600022,-0.153200001,-0.058400001,-0.497200012,-0.413100004,-0.480300009,-0.472799987,-0.395700008,-0.247999996,-0.407000005,0.041900001,-0.533399999,-0.116599999,-0.50849998,0.171499997,-0.655099988,-0.539699972,-0.593599975,-0.0823,0.145400003,-0.688600004,0.590600014,0.205899999,-0.459300011,-0.605700016,-0.394199997,4.26,2.91,108.551634,0.205899999,-0.459300011,-0.394199997
2015.5,0.00950977373044148,-0.0590903967859124,0.125567056230878,0.158349651527594,0.0139134771225533,0.015721396567157,-0.016661464023724,-0.00739830530169217,-0.0145162435516687,-0.0164844679543791,0.0229215036429802,0.0339205174027744,0.026104163273186,0.00647560816529347,0.0433786966762628,0.101865212976324,-0.02069336698712,0.0529716399506783,-0.0361338201061876,0.0242473594333059,0.00442950612566362,0.196109879759321,0.0643637012437623,0.00291423813488767,-0.0129329448112903,-0.100740310793341,101.23,101.49,99.21,99.86,102.49,100.6,102.58,99.63,100.28,100.92,100.4,103.06,101.73,100.7,100.4,102.07,101.27,102.72,101.02,100.63,100.65,98.87,100.23,98.77,101.34,102.12,6.1,8.4,9.8,16.8,14.8,4.8,6.3,5.6,9.4,10.3,4.2,6.4,9.6,11.5,10,8.8,7.5,5.2,7.8,7.5,12.7,8.2,11.3,8.8,21.7,7.3,-0.521300018,-0.778699994,-0.252799988,-0.769400001,0.1972,-0.147599995,-0.533800006,-0.132100001,-0.097999997,-0.208800003,-0.29460001,-0.211400002,-0.342000008,-0.162400007,-0.023499999,-0.178499997,0.139899999,-0.235100001,-0.040399998,-0.214599997,0.0113,-0.449099988,-0.276600003,-0.395300001,-0.0129,0.417299986,-0.359600008,0.807299972,0.196099997,-0.307999998,-0.460900009,-0.243100002,2.72,-1.58,144.5249959,0.196099997,-0.307999998,-0.243100002
2015.75,0.0484983621797899,0.101928784639416,0.0111121525499629,-0.140810891871995,-0.012492929690382,0.00925687837490363,0.0315211156844426,0.0182338680559138,0.0541974112444412,0.0480128846440477,0.0159910115780681,0.0527095542240072,0.0443148368080462,0.0190965994136494,0.0284693045713926,-0.0513411262550322,0.0398639301078325,-0.0548971848798538,0.0316612009393449,0.153503476184963,-0.0064622654937796,0.0886565635428482,-0.0233872275996323,0.00239298708275348,0.0412370967213467,0.150605081937201,100.61,101.43,102.23,99.96,99.4,101.7,102.75,100.46,99.8,100.15,101.8,104.65,103.25,99.8,102.91,99.95,101.06,105.92,101.5,99.88,101.84,100.36,101.34,98.74,101.31,104.3,6.3,8.8,9,15.3,13.1,4.5,6.1,6.7,9.4,10.3,4.3,6.1,9.5,11.7,10,8.7,6.2,5.4,7.7,7.2,12.5,8.2,10.8,8.5,21,7.2,-0.256399989,-0.521300018,-0.112599999,-0.50819999,0.218799993,-0.171000004,-0.4102,-0.154799998,-0.0539,-0.231999993,-0.2773,-0.230800003,-0.100400001,0.0059,-0.084700003,-0.0032,0.286599994,0.039000001,0.0055,0.0561,0.110799998,-0.228200004,-0.229599997,-0.170100003,0.167199999,0.256900012,-0.37560001,0.621800005,0.3028,-0.062199999,-0.259900004,-0.0055,2.94,-1.15,113.2884372,0.3028,-0.062199999,-0.0055
2016,-0.0553462029753311,-0.0734967130438411,-0.252914881344759,-0.094791292021918,-0.0239820694807621,-0.0701477954362748,-0.0416979950970279,-0.060940705655885,-0.0749166322983562,-0.0331933301888048,-0.0196490912393176,-0.155469116497264,-0.0428566066770506,-0.053712700777772,-0.159705709001484,-0.0978219188588081,-0.00670670032166654,-0.0116964860980325,-0.0312047860958071,-0.156784039690468,-0.0106225579578015,-0.350029211886076,-0.0850696270867364,-0.0427151591922244,-0.0513405335561696,-0.0887409747982811,104.04,100.37,103.38,101.21,97.29,103,99.31,100.32,100.52,99.73,103.9,109.39,103.67,99.8,103.49,100.78,102.64,100.29,102.52,100,103.67,103.65,103.15,100.94,102.74,105.66,6.4,8.4,9,13.9,12.9,4.2,6.1,6.4,9.2,10.3,4,5.6,9,11.4,10,8.1,6.1,5.3,7.4,6.7,12.4,7.8,10.3,8.5,20.4,7.3,-0.200599998,-0.385100007,-0.228499994,-0.37470001,0.165700004,-0.103699997,-0.528500021,-0.092699997,-0.117399998,-0.162699997,-0.526499987,-0.175099999,0.0491,0.076099999,-0.310200006,0.073899999,0.343400002,0.221399993,0.0021,0.235499993,0.049800001,-0.202500001,-0.367500007,-0.155599996,0.25150001,0.482800007,-0.54400003,0.842999995,0.324400008,0.058499999,-0.37560001,0.109200001,2.28,-0.28,157.1333975,0.324400008,0.058499999,0.109200001
2016.25,0.0265394447190228,0.0501477862870443,0.204693036273145,0.143655124864151,0.0884619310063277,0.0830770704093469,0.0599633975670149,0.070883344571814,0.066493264312063,0.0179632670460439,0.0188157510639817,0.125255171711467,-0.0113012295282855,0.0444232467411692,0.133728383117668,0.0806024284155793,0.0300261455896518,0.053307256406399,0.0635996492600159,0.0383024745942564,0.0253645128507565,0.204140238919802,0.0810331576303702,0.0758445193714614,0.0552799996068687,0.0819224057942141,106.7,101.42,106.24,100.28,99.18,105.1,104.23,103.47,101.61,100.24,106.9,111.97,104.79,100.5,109.52,103.91,105.44,102.78,104.03,100.84,106.91,106.59,106.06,102.84,104.55,106.9,6.6,8.2,8.9,13.2,12.8,4.1,6,6.3,8.9,10,4,5,8.7,11.8,9.6,8.1,6.3,4.8,7.2,6.4,11.6,7.2,9.9,7.9,20.1,7,-0.239199996,-0.42899999,-0.344099998,-0.418199986,0.080600001,-0.201900005,-0.708100021,-0.191599995,-0.266799986,-0.298900008,-0.644699991,-0.322400004,0.0063,0.021500001,-0.556900024,0.0198,0.324999988,0.177200004,-0.231299996,0.193499997,-0.055500001,-0.303600013,-0.576900005,-0.261500001,0.114699997,0.375,-0.65990001,0.622099996,0.233899996,-0.122400001,-0.588100016,-0.070799999,2.03,3.28,173.546408,0.233899996,-0.122400001,-0.070799999
2016.5,-0.00244732116197022,-0.0603893465748787,0.122053101396201,0.164776326814215,0.011791181227877,0.000491224278268643,-0.0124424613626114,-0.00803465733068032,-0.0136729433853193,-0.0304423266253661,0.00421560210864658,0.0268131144843473,-0.0187459471036293,0.00718628428767576,0.0278192601442164,0.105572308902583,-0.00460464204919919,0.0545134260140925,-0.0386083283715624,0.00867590378547178,0.00918974158826669,0.215891317554904,0.0527791928612618,0.00105255688537764,-0.0149321554940353,-0.105274374221527,108.08,103.63,107.94,101.31,101.87,107.7,107.66,106.98,101.93,102.36,108.8,115.2,109.33,100.7,110.04,107.48,107.02,107.62,106.58,102.73,108.31,105.86,107.73,103.69,105.41,109.35,6.6,7.9,8.5,12.5,13.1,3.9,6,7.8,8.7,9.9,3.8,4.8,8.2,11.9,9.8,7.9,6.9,4.3,6.9,6.2,11.2,7,9.5,7.7,19.3,6.9,-0.374599993,-0.646300018,-0.377700001,-0.63319999,-0.1127,-0.37470001,-0.742500007,-0.3662,-0.379200011,-0.439700007,-0.66930002,-0.467999995,-0.120700002,-0.109800003,-0.706399977,-0.112000003,0.206,-0.078500003,-0.423700005,-0.058699999,-0.198100001,-0.50880003,-0.6778,-0.477800012,-0.042300001,0.179399997,-0.718200028,0.285600007,0.0526,-0.436699986,-0.724300027,-0.385500014,2.96,-0.2,176.3339174,0.0526,-0.436699986,-0.385500014
2016.75,0.0554683516747918,0.103767885475307,0.0204701922586568,-0.137562285072637,-0.00405449237755429,0.0171598591860482,0.0352719083261575,0.0329067641681902,0.0499330367413957,0.0539979892962623,0.0138931152820594,0.050807666420948,0.158087046498092,0.0183085273139658,0.0406824691768026,-0.0343801143236641,0.0465099632250963,-0.0567519978328594,0.0315861535178426,0.170314218415788,-0.000615721246199352,0.0781507468240046,-0.0201957896192154,0.00337881741390511,0.0329954227847544,0.152284610243804,108,103.9,110.52,100.75,102.72,112.8,107.07,108.21,101.08,101.84,110.4,116.95,112.06,100,110.9,109.43,108.92,111.12,108.03,103.86,109.57,107.7,109.72,105.54,105.78,111.06,6.2,7.3,7.8,12.8,13.2,3.6,5.9,6.8,8.8,10.1,3.7,4.4,7.6,11.9,9.4,7.6,5.9,4.3,6.5,5.7,10.8,6.7,9,8,18.7,7,-0.341699988,-0.645399988,-0.061000001,-0.629100025,-0.201800004,-0.500400007,-0.426699996,-0.490399987,-0.469399989,-0.550999999,-0.33039999,-0.580799997,-0.3838,-0.125599995,-0.42899999,-0.145699993,0.105400003,-0.070500001,-0.130199999,-0.052700002,-0.293099999,-0.582000017,-0.524299979,-0.5546,-0.268900007,0.090099998,-0.571500003,0.090899996,-0.0284,-0.460999995,-0.432799995,-0.414600015,3.31,1.64,202.5729205,-0.0284,-0.460999995,-0.414600015
2017,-0.0434294119403067,-0.0663547283143903,-0.243423419821693,-0.103843923874236,-0.0294740270314281,-0.0500246177015755,-0.0374460576406627,-0.039724680432645,-0.0573223137445765,-0.0216039630189311,-0.00118300959089246,-0.138556559533341,-0.0716389780818093,-0.0420928899613153,-0.149287965216004,-0.0892131215995481,-0.0638001350900742,0.0858223243346736,-0.0228927758732272,-0.130960870550476,-0.00269098481897601,-0.321955307951142,-0.0886405696267794,-0.0235603018921242,-0.047487605827168,-0.0616026193555769,109.76,104.36,112.66,100.85,99.64,116.2,105.3,108.08,101.7,102.53,110.9,122.24,113.36,99.1,113.11,111.07,109.84,105.61,110.2,103.33,111.89,108.96,106.88,107.68,108.2,114.02,6.1,7.8,7.4,12.5,12.4,3.3,6.2,5.5,8.9,9.6,3.7,4.2,7.2,11.5,9.1,7.6,6.2,4.2,6.3,5.2,10.1,6.5,8.6,7.4,18.1,6.9,-0.203999996,-0.465600014,0.203600004,-0.448500007,-0.160999998,-0.53609997,-0.032299999,-0.523400009,-0.521200001,-0.53549999,0.058400001,-0.568899989,-0.39199999,-0.0186,-0.050500002,-0.046399999,0.0165,0.195500001,0.274100006,0.203099996,-0.4366,-0.547299981,-0.210299999,-0.532299995,-0.308499992,-0.289200008,-0.509899974,-0.389899999,-0.0436,-0.296999991,-0.093900003,-0.259600013,5.59,1.43,234.3826215,-0.0436,-0.296999991,-0.259600013
2017.25,0.0103268270540173,0.0462642452383784,0.19227974688561,0.142425824612381,0.0839165867689358,0.0853893076631886,0.0503515072216849,0.0903389309850502,0.0600665557404327,0.0103943739824346,-0.00454009009744338,0.11144157062687,0.00550952277119032,0.036632484416832,0.129533678756477,0.0784665381140524,0.0318730193521284,0.0491955036367644,0.0613286889862936,0.019748479617185,0.0259639144730124,0.224849941285324,0.0923550569291602,0.0676112383938261,0.0657810974833426,0.0364642868981564,112.46,104.48,115.37,104.55,102.74,119.1,109.77,108.42,103.22,103.53,113.1,125.48,115.86,99.6,119.53,114.52,112.21,108.88,112.06,105.44,115.51,114.27,113.01,111.33,110.39,115.97,5.9,7.3,7.2,11.4,11.4,3.1,5.9,6.5,8.9,9.5,3.6,4.2,6.7,11.2,8.8,7.1,5.4,3.9,6,5.1,9.4,6.1,8.3,6.5,17.4,6.8,0.052999999,-0.169200003,0.179000005,-0.150199994,-0.106799997,-0.572799981,0.1919,-0.557099998,-0.457300007,-0.54400003,0.296000004,-0.5704,-0.233400002,0.037599999,0.065800004,0.017100001,0.0647,0.629400015,0.513800025,0.62620002,-0.355199993,-0.378699988,0.023399999,-0.357899994,-0.263000011,-0.351200014,-0.384299994,-0.441599995,0.107699998,-0.045000002,0.161699995,-0.0107,5.17,2.35,172.2320808,0.107699998,-0.045000002,-0.0107
2017.5,0.00123694260361673,-0.0635556827941598,0.116340912112751,0.169816194734228,0.0090444704893744,0.00827444472273009,-0.0205656939776774,-0.0268823515601155,-0.0111719464115893,-0.0185665047970194,0.0220107742117985,0.0336163231499476,0.0698199166602793,0.00138601221236545,0.0387936402507367,0.0984770811973292,-0.00115057484489367,0.0358808453426327,-0.0399523197747267,0.0181062725897876,0.00959177123065791,0.212195686630692,0.0483544759236141,-0.000203304833007789,-0.0167848870276163,-0.0930526467826966,113.67,107.81,117.62,105.13,102.46,121.2,112.32,112.06,102.51,105.65,115,129.28,122.18,99.2,119.72,116.66,112.28,113.02,115.22,106.5,119.6,112.44,115.6,112.17,112.43,117.59,5.9,7.2,7.3,10,10.3,2.7,5.9,5.3,8.7,9.5,3.5,3.9,6.6,11.4,8.8,6.9,5.3,4,5.7,4.8,9,6,7.8,6.5,16.8,6.8,0.244599998,-0.0075,0.146400005,0.0156,-0.257299989,-0.700399995,0.363700002,-0.686600029,-0.424100012,-0.551699996,0.328099996,-0.575100005,-0.207900003,-0.048300002,0.080300003,-0.062399998,0.176200002,0.752699971,0.637700021,0.749000013,-0.334100008,-0.270500004,0.196999997,-0.249500006,-0.246199995,-0.269600004,-0.34889999,-0.324999988,0.225500003,0.082999997,0.290699989,0.118000001,4.24,0.83,149.148688,0.225500003,0.082999997,0.118000001
2017.75,0.0576409893973113,0.111974467285317,0.0228680323963792,-0.147899644986496,-0.0111549419241727,0.0138338819836845,0.0373361082913775,0.059930515344528,0.0493594591818631,0.0590160207732768,0.0169769979283516,0.0534345263320106,0.0549551171044285,0.0227410696250931,0.0389433932103824,-0.0322352994741274,0.0522253825637753,-0.0309470695599271,0.0299174843464258,0.148388108694382,-0.000934045080613566,0.0806374205428066,-0.0197080709490555,0.0275985946519957,0.0356061998313528,0.152120078034797,112.65,107.14,119.53,108.45,105.24,122.3,111.61,113.49,102.12,105.24,117.3,131.96,125.15,98.8,119.69,116.94,113.5,116.59,117.74,107.86,121.06,113.75,116.16,115.96,113.39,114.13,5.8,6.4,6.8,10.1,10.4,2.5,5.3,5.7,8.3,9,3.4,3.8,6.4,10.9,8.2,6.8,5.2,4,5.4,4.6,8.3,5.8,7.6,5.8,16.6,6.7,0.405600011,0.103399999,0.080499999,0.131799996,-0.40259999,-0.787299991,0.483599991,-0.776799977,-0.384900004,-0.719900012,0.336699992,-0.73119998,-0.179800004,-0.1215,0.057700001,-0.1294,0.350600004,0.862900019,0.576799989,0.862100005,-0.219799995,-0.185200006,0.208399996,-0.155300006,-0.202800006,-0.252299994,-0.419,-0.284399986,0.338499993,0.215700001,0.454899997,0.250400007,4.82,0.78,151.8743516,0.338499993,0.215700001,0.250400007
2018,-0.0463853009575379,-0.0687018735999351,-0.239646405837603,-0.102683199106929,-0.0151370758626804,-0.0641313631607029,-0.0482514444945293,-0.0817171993080215,-0.0706177299553091,-0.0329871314938588,-0.0166935908707226,-0.12863882387361,-0.0392833716515713,-0.0503192353124727,-0.171686283560274,-0.0853779021900215,-0.055696373083174,0.00673865729114365,-0.0248432144961425,-0.11051519482386,-0.00686017913923387,-0.338027498821738,-0.0771495408902115,-0.053923616455223,-0.0541474250587257,-0.0666454059593828,115.13,107.37,120.65,109.44,103.1,125,111.6,115.17,102.74,105.51,118.3,138.65,127.34,98.6,126.02,119.78,116.84,111.25,120.32,109.48,125.58,116.1,119.56,118.04,114.96,113.24,5.4,6.2,6.3,9.2,9.7,2.3,5.3,6.5,8.4,9.3,3.2,3.6,6,10.9,8,6.7,5.7,4.3,5.2,4.1,7.7,5.6,7.1,5.7,16.1,6.3,0.479999989,0.369899988,0.051199999,0.390700012,-0.335799992,-0.609600008,0.524200022,-0.602500021,-0.34009999,-0.521300018,0.426099986,-0.538399994,-0.072800003,0.0178,0.101899996,0.0091,0.426400006,0.944700003,0.813300014,0.942700028,-0.150299996,-0.0095,0.310000002,0.0155,-0.159500003,-0.130500004,-0.378600001,-0.118299998,0.446500003,0.501900017,0.672999978,0.529600024,2.39,1.65,148.2403595,0.446500003,0.501900017,0.529600024
2018.25,0.0184180267810095,0.0496348889274338,0.189091233936115,0.145569057827739,0.0821819163778748,0.0734170773122977,0.0506666804446143,0.0888652025184671,0.0494796403917777,0.00831881436775528,0.000970008046505821,0.11544708622752,0.0466879310344828,0.0409038546943228,0.169820520560032,0.0841145531936782,0.0208673319243426,0.0690974098865005,0.0640809880942288,0.0256449113623225,0.0303550404617963,0.221166056813864,0.096601196737425,0.0724054986811065,0.0650144340866778,0.0500643695329532,118.94,108.51,124.03,109.26,104.01,128.7,115.88,116.43,103.96,106.42,120.6,142.52,130.44,99.2,129.91,123,117.9,115.49,122.64,111.95,128.49,119.66,120.98,119.93,117.9,114.04,5.1,6.3,6.3,8.3,8,2.3,5.2,5,7.4,9.1,3.3,3.4,5.9,10.9,7.6,6.1,5.6,4,5,3.8,7.3,5.3,6.7,5.2,15.4,6.4,0.419200003,0.549600005,-0.136399999,0.558099985,-0.169699997,-0.446799994,0.408899993,-0.438800007,-0.328700006,-0.325899988,0.414900005,-0.353599995,0.0097,0.212200001,0.1303,0.198200002,0.452699989,1.01030004,0.78549999,1.006299973,-0.069300003,0.124399997,0.307300001,0.152899995,-0.0757,-0.145899996,-0.38409999,-0.1241,0.498400003,0.674899995,0.754100025,0.697099984,2.58,4.67,170.5874613,0.498400003,0.674899995,0.697099984
2018.5,-0.00332292133113454,-0.0602702877210493,0.113709538937065,0.167873869156703,0.00484508213765866,0.00460894618793195,-0.0193047534902476,-0.0105857445306986,-0.021098845960863,-0.0142815915299506,0.00203535458257575,0.0359180049064611,0.0263474770169945,-0.0017880985460228,0.0324911180358454,0.0880741127348643,-0.00354656393860775,0.0381100524985416,-0.0451469590567126,0.0189448016524965,0.00374617607991823,0.205471465410921,0.0552104791407859,0.00600294729542328,-0.0221949002381335,-0.101125270739938,120.1,110.64,124.99,112.32,103.12,131.9,116.13,116.71,103.49,108.65,123.1,148.49,133.31,98.4,128.34,124.35,120.78,119.27,126.45,113.43,129.72,118.88,120.68,122.67,120.48,115.16,5.3,5.8,6.4,8,8.2,2.3,4.8,5.4,7.2,8.9,3.2,3.6,5.7,10,7.2,5.9,5.9,3.7,4.8,3.8,7.2,5.1,6.2,5.1,14.9,6.5,0.33950001,0.705500007,-0.235100001,0.700800002,-0.088600002,-0.350699991,0.303900003,-0.343400002,-0.193399996,-0.098899998,0.312700003,-0.126699999,0.114200003,0.528400004,0.343300015,0.503499985,0.440400004,1.100499988,0.853299975,1.093099952,0.0185,0.238000005,0.323700011,0.266299993,0.024700001,-0.243000001,-0.389200002,-0.228599995,0.53670001,0.74150002,0.775900006,0.762300014,2.62,1.27,199.8188005,0.53670001,0.74150002,0.762300014
2018.75,0.0704331460412517,0.113296471152704,0.028572529897563,-0.142024509315533,-0.00285578296049505,0.0217478116051859,0.0335795948385371,0.0617320878008376,0.0439203278589217,0.0592351609227848,0.018957315785217,0.0527208537037172,0.026892471841226,0.0232953277268262,0.0480392156862743,-0.0264692736212102,0.0435518229874376,-0.0389211462820753,0.0281761618798304,0.135970345615703,0.00127048323994838,0.0851687190743702,-0.0304800508663171,0.0251394842851296,0.0415899911641355,0.160396876274841,121.15,110.06,126.15,113.54,107.04,134.4,114.74,119.96,103.15,108.58,124.6,152.32,134.23,98.3,132.93,125.59,123.92,123.77,128.2,116.11,132.34,119.83,124.06,125.55,120.97,114.96,5.1,5.8,5.8,7.7,7.9,2.1,5.2,4.5,6.7,8.8,3.1,3.6,5.5,10.5,7,6.1,5.2,3.9,4.6,3.9,6.7,5.1,6,4.5,14.6,6.6,0.280299991,0.710799992,-0.213599995,0.701799989,0.0042,-0.2192,0.244100004,-0.212400004,-0.216700003,0.083700001,0.297100008,0.0438,0.271800011,0.825200021,0.431600004,0.794399977,0.282599986,1.043599963,0.706200004,1.031499982,0.0107,0.284799993,0.314300001,0.31189999,0.069899999,-0.144299999,-0.380899996,-0.1017,0.531400025,0.92869997,0.887199998,0.943599999,4.94,-1.41,246.5378015,0.531400025,0.92869997,0.943599999
2019,-0.0494424638567629,-0.0663904408142003,-0.242167591065807,-0.0882056939364029,-0.0275811974680916,-0.0604815697316791,-0.0483658650969485,-0.0924693899664102,-0.0578962638932286,-0.0296869991316986,-0.012434771598656,-0.135640178999631,-0.0567603894784552,-0.0540313832520708,-0.196830462774445,-0.0854077781883742,-0.0436915632691807,-0.0130183972560025,-0.0194890808457704,-0.115953741588611,-0.00175099422891489,-0.346431907982138,-0.079497479198262,-0.0525342523325208,-0.0512910137160094,-0.0656103768163533,121.53,111,129.45,117.55,107.93,137.2,114.86,121.99,103.09,108.55,124.6,165.03,132.98,97.7,134.04,129.2,125,118.53,130.34,118.34,137.14,119.91,126.39,126.98,122.88,114.97,5.1,5.7,5.5,6.9,7.9,2,5.2,4.5,6.7,8.7,3,3.3,5.1,10.4,6.7,6.2,5.5,4.3,4.6,3.7,6.6,4.9,5.8,4.7,14.2,7,0.171200007,0.657500029,-0.312299997,0.643700004,0.127900004,-0.147400007,0.0306,-0.138500005,-0.146699995,0.158099994,0.1523,0.121399999,0.429800004,0.890699983,0.230000004,0.867399991,0.132799998,0.873099983,0.3222,0.858900011,0.203199998,0.271699995,0.050299998,0.299499989,0.139400005,-0.189400002,-0.441599995,-0.151800007,0.575699985,0.975600004,0.789600015,0.99089998,4.57,1.16,239.9051244,0.575699985,0.975600004,0.99089998
2019.25,0.00625844735580938,0.0506379178790672,0.199621699139551,0.134574360824852,0.0800751237835069,0.0726098661491954,0.0537230951191412,0.0769377716223314,0.0529282027106099,0.0145197435114601,-0.0096116069976302,0.112410186811432,0.0586847342145074,0.0427578033726594,0.157166346944368,0.0800377108994295,0.0412428187424234,0.0524050232998974,0.0625373301190053,0.025712498900317,0.0259169197647149,0.221202235955609,0.0837248135366804,0.0596389283179559,0.0546788234125766,0.0529193666255621,125.79,111.84,130.26,120.6,112.73,140.6,117.45,123.14,104.68,109.85,127.8,170.54,133.7,99.1,140.19,131.11,131.35,122.76,132.15,121.1,140.65,121.79,131.03,128.83,124.27,116.51,4.8,5.5,5,6.7,7.2,2,5,5,6.9,8.4,2.9,3.3,5.2,9.9,6.3,6.1,5.4,3.8,4.4,3.3,6.7,4.9,5.7,4.2,14.1,6.5,-0.0502,0.421400011,-0.574599981,0.404700011,0.125100002,-0.205200002,-0.295399994,-0.194499999,-0.138999999,0.072999999,-0.181899995,0.0403,0.485799998,0.634599984,-0.2227,0.630900025,0.0016,0.5898,-0.334500015,0.577700019,0.370299995,0.136500001,-0.358900011,0.1699,0.186199993,-0.319299996,-0.606599987,-0.321500003,0.564899981,0.774200022,0.467599988,0.798699975,3.13,4.13,249.7731355,0.564899981,0.774200022,0.798699975
2019.5,-0.00368569268948538,-0.0570444104134763,0.102385737105168,0.159378127835515,0.0262013910844134,0.0144291686039977,-0.0162802624194454,0.00458980044345902,-0.013299254602766,-0.0152289720364838,0.0211567329443274,0.0402539103849924,0.0326232920664236,0.00155726704469883,0.0427471876850207,0.0876194578907392,-0.00765187753621344,0.0336597996172463,-0.0431489859898189,0.0163810021022799,0.00111251118366495,0.176423211672953,0.0395424803032325,0.0068338321786634,-0.0222569237293618,-0.0951651695871988,127.81,115.37,131.97,121.36,105.64,143.4,118.72,126.16,104.02,112.33,129.6,173.22,135.63,98.8,144.58,132.36,134.41,126.44,134.49,123.59,143.67,123.57,134.6,131.33,126.26,118.54,4.8,5.3,5,6,7,2,4.8,4.1,6.7,8.3,2.9,3.4,5,9.8,6.3,6.2,5.7,4.2,4.3,3.2,6.5,4.9,5.7,4.7,14.1,7.1,-0.441100001,-0.054400001,-0.784300029,-0.072999999,-0.083700001,-0.336699992,-0.466500014,-0.32949999,-0.291999996,-0.202299997,-0.476700008,-0.235400006,0.265500009,0.221900001,-0.567200005,0.228100002,-0.168200001,0.152700007,-0.908900023,0.147400007,0.339300007,-0.231199995,-0.749100029,-0.2042,0.115199998,-0.190200001,-0.789300025,-0.197600007,0.397300005,0.269800007,-0.0307,0.3037,2.58,-0.45,284.5027727,0.397300005,0.269800007,0.3037
2019.75,0.048935855947793,0.106685349863212,0.0309058614564832,-0.150103678363092,-0.0157892709978049,0.00751817634804741,0.0317009874078045,0.0382943033085394,0.0409257781324821,0.0405045699994864,0.0038965983796484,0.0437669671161336,0.0290311530918164,0.0160211347422983,0.0210651828298887,-0.0273087346258079,0.0433662625609985,-0.0241777390546721,0.0268021934093226,0.122807773872333,-0.00587922898579196,0.115353719762666,-0.0195799427868439,0.0164852869333831,0.0388523416935886,0.157079775634419,128.74,114.72,133.99,124.9,106.51,146.4,117.5,129.79,103.29,112.69,132.7,171.88,135.32,98.5,144.69,133.77,137.19,130.86,136.54,127.06,146.07,125.49,137.58,131.62,125.44,118.73,4.6,5.3,5.2,6.6,6.5,2.1,5.1,4.2,6.8,8.3,3,3.2,4.8,9.7,6.1,6.6,5.8,4.1,4.4,3,6.7,4.9,5.7,4.1,14,7.1,-0.561699986,-0.335599989,-0.687900007,-0.348699987,-0.2236,-0.506500006,-0.317999989,-0.498400003,-0.46360001,-0.484200001,-0.497799993,-0.5176,-0.035100002,-0.182300001,-0.552999973,-0.172800004,-0.191300005,-0.142499998,-1.274999976,-0.142499998,0.140799999,-0.416599989,-0.726199985,-0.396600008,-0.051399998,-0.077,-0.75120002,-0.103600003,0.199300006,-0.035500001,-0.031599998,0.001,2.83,0.53,259.2141177,0.199300006,-0.035500001,0.001
2020,-0.0724320061855617,-0.0873343211895151,-0.269786716964707,-0.110929682827496,-0.0543099737840904,-0.095243331349771,-0.0549737970310719,-0.0961693805535478,-0.0704581400137569,-0.0835031119381758,-0.0257502123994908,-0.155499079603552,0.00989206513798213,-0.109404468420876,-0.189067452594117,-0.098253321903129,-0.055008270388749,0.0380580357142857,-0.0444756318858981,-0.122895704037977,-0.0413156234997317,-0.361018357108367,-0.104904302603332,-0.0710787070649227,-0.101988160906933,-0.0673291501483367,131.26,115.24,135.54,128.25,109.13,149,118.28,135.98,104.28,113.87,133.8,178.74,134.3,99.4,145.77,137.26,142.67,125.06,139.3,131.66,151.67,129.62,142.98,132.99,126.92,120.2,4.7,5.1,5.1,6.4,6.7,1.9,4.9,4.9,6.8,7.9,3.3,3.5,4.8,8.9,7.4,7.2,6.4,4,4.3,3,6.7,5.1,6,4.5,14.1,7.4,-0.640900016,-0.354600012,-0.606299996,-0.371100008,-0.372599989,-0.433999985,-0.397599995,-0.433200002,-0.636900008,-0.3926,-0.503600001,-0.44690001,-0.0057,-0.245700002,-0.504599988,-0.230399996,-0.266200006,-0.180899993,-1.572999954,-0.184900001,-0.0079,-0.504000008,-0.80309999,-0.493699998,-0.068700001,0.336800009,-0.702199996,0.401199996,-0.0027,-0.0405,-0.260699987,-0.0113,-9.16,-1.13,271.7290562,-0.0027,-0.0405,-0.0113
2020.25,-0.106349504272749,-0.067471439016716,0.116547656007451,-0.0150557382650665,-0.0656626256775209,-0.0325281135838832,-0.0331364906628643,-0.0286937297144738,-0.025484641815174,-0.113523914527774,-0.110096162503157,-0.0495118085585146,-0.0539361534557291,-0.0897448668301976,0.0523440535783675,0.00259058121709765,-0.0390166931089191,-0.0943626133390676,-0.0296532007735133,-0.077796074384399,-0.127138115905029,0.0811973064447442,-6.75595791036487e-05,-0.0566808304528744,-0.14151367145944,-0.056236842581478,134.09,116.61,134.07,130.57,109.48,151.5,120.79,128.1,105.36,115.52,136.2,174.9,134.15,102.4,142.3,140.25,148.74,127.57,142.6,134.31,154.34,129.77,143.75,135.56,126.98,120.3,6.9,5.4,6.6,7.1,7.3,2.5,5.5,7.1,7.8,7.2,3.6,4.5,5.3,8,8.5,8.4,6.5,4.8,4.9,3.2,6,6.7,6.5,5.2,15.4,8.6,-0.703100026,-0.223399997,-0.662599981,-0.25150001,-0.248099998,-0.035100002,-0.610899985,-0.0436,-0.795700014,-0.136700004,-0.852100015,-0.222900003,0.202000007,-0.0339,-0.485100001,-0.0151,-0.204799995,-0.055799998,-1.866299987,-0.0623,-0.067199998,-0.43689999,-0.883400023,-0.447600007,0.039000001,0.799300015,-0.701600015,0.994099975,-0.213100001,-0.141200006,-1.363199949,-0.114399999,-34.72,2.15,373.0181846,-0.213100001,-0.141200006,-0.114399999
2020.5,0.106246486660119,0.0336526858390238,0.177021465910355,0.211183625680276,0.100943229120539,0.0831036461758627,0.0368129527055816,0.0673156085040438,0.0317010059972915,0.130583902884208,0.109084858569052,0.141257313191948,0.114082350927986,0.151463987620943,0.105410630117944,0.154120589315981,0.057558927241568,0.0618124258013455,0.0106452765653318,0.0844739980952169,0.131735550205863,0.235663790984395,0.138990704299895,0.10823521174425,0.139372635196537,-0.0390424267215483,138,119.05,138.81,129.75,104.21,155.4,123.65,131.08,105.79,117.8,140.3,181.59,134.55,99.8,147.08,140.85,152.97,129.81,146,137.06,153.61,126.38,145.89,135.65,128.56,122.95,6.4,6.5,6.2,7.9,8.2,2.8,6.3,7.9,8.3,8.9,3.9,4.3,7,10.9,8.6,9.2,7.7,5.4,5.2,3.4,8.3,6.3,7,5.1,16.4,9.3,-0.737299979,-0.309799999,-0.643899977,-0.336699992,-0.314099997,-0.190200001,-0.999499977,-0.197099999,-0.801900029,-0.379999995,-1.362800002,-0.4551,0.169400007,-0.145799994,-0.928600013,-0.121600002,-0.245100006,-0.093500003,-2.301599979,-0.099399999,-0.343600005,-0.637099981,-1.158699989,-0.666899979,0.070299998,0.440499991,-0.962899983,0.522199988,-0.623700023,-1.081099987,-2.021199942,-1.035099983,47.93,-2.73,314.5332984,-0.623700023,-1.081099987,-1.035099983
2020.75,0.0361886281462456,0.104675800190043,0.00665242945967903,-0.0916918780544568,0.0256018341612534,0.0113866362234665,0.0465612068777539,0.0569218204092743,0.0650518366074504,0.0527222838044372,0.0232353256923119,0.0620075615457878,0.00624910055018657,0.0179451003197946,0.0521692996934686,-0.0407201248818962,0.0456196019208253,-0.0259391771019678,0.0356619239506946,0.121096500214197,-0.0047164888250526,0.152670090812567,-0.0146716428977482,0.0173216241260215,0.0378949098427914,0.162587837006442,138.71,121.45,141.23,132.95,109.1,159.5,125.98,136.01,106.95,119.27,144.3,179.08,136.28,100,147.92,146.35,160.08,133.01,148.37,138.42,157.69,127.97,147.47,138.43,127.55,124.99,6.3,6,6.3,8.3,8.2,3.1,5.9,7.8,8.1,8.1,3.7,4.1,6.4,9.6,8.1,8.8,6.5,5.2,5,3.3,7.2,6,7,5.2,16.2,8.9,-0.783699989,-0.504400015,-0.670000017,-0.523800015,-0.4736,-0.436100006,-1.249899983,-0.440899998,-0.914600015,-1.002200007,-1.733299971,-1.055199981,0.093400002,-0.694400012,-1.5977,-0.642700016,-0.361999989,-0.207800001,-2.244400024,-0.2104,-0.514900029,-0.87650001,-1.359200001,-0.918900013,-0.032400001,0.2086,-1.204900026,0.183899999,-1.083999991,-1.947399974,-2.292299986,-1.894799948,5.19,0.73,323.7933214,-1.083999991,-1.947399974,-1.894799948
2021,-0.0804267547588221,-0.0574676987367622,-0.217976156951094,-0.0479217170224088,-0.011804847439015,-0.0707593095182952,-0.048589452224726,-0.0726812200828556,-0.0884740152558859,-0.0386843040987266,-0.0283845204545874,-0.149738433317481,0.0531161473087818,-0.0378488939621328,-0.170765869236372,-0.0713651011166188,-0.00231250456415377,0.0813054790327519,-0.0262290564441101,-0.108811100745881,-0.0312269050234694,-0.337523807939584,-0.0857284763228263,-0.0485131400536158,-0.0535358816038836,-0.0494790549283111,144.08,122.41,145.72,134.19,102.84,168.9,129.02,144.93,108.57,120.15,146.3,195.95,138.34,101.1,149.97,153.69,167.17,130.82,153.72,141.16,161.7,131.45,145.74,142.65,128.12,128.9,7.1,6.7,5.8,9,7.8,3.2,6.1,6.8,8.1,8.1,3.9,4.4,7.1,10,7.8,7.6,5.7,4.2,4.8,3.8,7,5.9,7.2,5.3,15.8,9.2,-0.985199988,-0.754499972,-0.263399988,-0.769699991,-0.932799995,-0.886699975,-0.861699998,-0.89319998,-1.260900021,-1.643100023,-1.219200015,-1.690799952,-0.663200021,-1.559399962,-1.664299965,-1.510800004,-0.665199995,-0.800300002,-1.999500036,-0.7949,-0.767799973,-1.237400055,-1.244199991,-1.291200042,-0.546899974,0.194000006,-1.103600025,0.045200001,-1.16779995,-1.760900021,-1.715800047,-1.728000045,5.96,5.35,236.9876601,-1.16779995,-1.760900021,-1.728000045
2021.25,0.0729053733320049,0.0549090223458391,0.145506487894465,0.12214459452466,0.0568520061912132,0.0853498006117155,0.0762568961886714,0.078470405777644,0.069657951475321,0.0246639720257438,0.0115864318118364,0.148793447862565,0.0305482466163056,0.0582315439875818,0.170664144314573,0.064375554812603,0.0162413181736853,0.0389936661830792,0.100550957288289,0.0246732219573964,0.0532611020764768,0.178493185941257,0.0935804081453475,0.0696103387507343,0.0618523007981524,0.0532393730407523,149.12,124.78,146.23,139.03,104.23,177.6,136.23,148.69,111.18,122.12,151.8,204.4,141.65,102.8,159.51,158.87,168.74,134.42,160.55,145.5,166.4,133.61,150.53,149.21,131.15,133.44,6.7,6.3,5.4,8,8,3,5.1,6.7,8,8,3.7,4.1,7.1,9.8,7.8,7.7,5.7,3.7,4.4,3.6,7.2,5.5,6.9,4.5,15.6,9.2,-1.153599977,-1.057399988,0.159199998,-1.067899942,-1.17019999,-1.186699986,-0.488400012,-1.191400051,-1.599599957,-1.831599951,-0.665700018,-1.898699999,-1.230200052,-1.992300034,-1.312100053,-1.958400011,-1.083400011,-1.477200031,-1.519899964,-1.468199968,-1.130399942,-1.431300044,-0.908299983,-1.511199951,-0.966400027,0.192499995,-0.751900017,-0.0601,-1.455199957,-1.960700035,-1.409500003,-1.940700054,10.93,4.47,189.4577026,-1.455199957,-1.960700035,-1.940700054
2021.5,0.0256787351942735,-0.0519970175614863,0.209041087277719,0.180047225501771,0.0580183630935616,0.0129577113096833,-0.00206920407642597,0.00734047348200284,-0.00336544538543493,0.00516892699667548,0.028879132312716,0.0301972226762606,0.067601454132608,0.0332386438840704,0.0589446143783305,0.120151638234498,-0.00776279460605822,0.083029663181555,-0.0289437724638787,0.0400502868661949,0.0315210715500429,0.179524602170584,0.045591164767453,0.0225883549453343,0.00808892331896871,-0.103965148750224,153.52,128.04,150.9,141.44,106.8,189.8,139.81,153.71,110.92,126.11,158.2,211.94,148.81,103.9,165.31,167.44,173.22,137.52,169.59,149.28,171.3,133.78,157.59,153.15,133.92,136.89,5.5,6.3,4.9,6.8,6.7,2.7,4.8,6,7.3,7.9,3.4,3.9,5.5,9.4,7.3,6.8,5.3,3.7,3.9,3.2,6.5,5.5,6.7,4.7,14.9,8.9,-1.354200006,-1.305600047,0.517499983,-1.316799998,-1.389500022,-1.355499983,-0.093099996,-1.363000035,-1.920600057,-1.733800054,-0.186199993,-1.834400058,-1.475900054,-2.093300104,-0.915400028,-2.070600033,-1.526100039,-2.221600056,-0.967599988,-2.205699921,-1.444700003,-1.529700041,-0.543500006,-1.636500001,-1.333500028,0.635800004,-0.360199988,0.418599993,-1.667199969,-1.929800034,-1.044499993,-1.927999973,12.35,2.97,209.0852011,-1.667199969,-1.929800034,-1.927999973
2021.75,0.0490785131063753,0.116670571304261,0.0384382041948346,-0.118340420210105,-0.000195211982466303,0.0149268842385131,0.0876812151117288,0.0453625380862079,0.0586083738542966,0.056468931412686,0.0177925162321411,0.0719822027776091,-0.00167586493383176,0.0253305948620912,0.0350985557271324,-0.0355837475101046,0.0534661450981972,-0.0343699883651457,0.0383480653143866,0.149078123360039,0.0210740557119848,0.108548100848533,-0.0131779114018208,0.0487140214429216,0.0540730528081188,0.174627706501982,157.34,128.62,154.48,144.99,103.44,200.6,140.05,163.78,111.12,127.52,162.5,219.86,155.1,104,171.79,175.36,179.48,138.99,175.9,155.15,175.96,137.51,163.21,160.26,135.58,138.62,5.3,5.8,4.5,6.2,6.3,2.3,4.5,5.3,7,7.5,3.4,3.7,5.2,8.9,7.3,6.6,4.3,3.4,3.8,2.9,6.3,5.6,6.5,4.6,13.5,8.2,-1.603199959,-1.518399954,0.976300001,-1.535400033,-1.490700006,-1.45720005,0.2412,-1.464599967,-2.253099918,-1.539199948,0.232600003,-1.677800059,-1.721099973,-2.147099972,-0.516300023,-2.138600111,-1.935299993,-2.549200058,-0.708400011,-2.540199995,-1.778599977,-1.554999948,-0.218500003,-1.687399983,-1.658699989,1.286000013,0.037700001,1.158300042,-1.866299987,-1.723799944,-0.612399995,-1.743100047,9.21,7.11,229.6652118,-1.866299987,-1.723799944,-1.743100047
2022,-0.0403458432689879,-0.0604465757530346,-0.260793723657305,-0.0756941735522537,-0.0159217579608789,-0.0623706980677899,-0.07851051373231,-0.0766377236965472,-0.0856041367595242,-0.0369860981839826,-0.0132746751948031,-0.158155119367405,-0.00756356269720304,-0.0422634769009549,-0.150955648770556,-0.0807415428422467,-0.0625813465631555,-0.047837697017064,-0.0292365953096421,-0.106619605956625,-0.0136184646122036,-0.334720423011431,-0.112433315664315,-0.0911289404802549,-0.047673579336276,-0.0717017260320086,164.63,130.02,162.52,152.25,103.95,210,141.45,175.37,112.23,128.6,163.1,241.42,159.07,105.7,176.06,183.12,184.34,139.69,182.94,160.3,182.64,139.82,166.42,166.93,139.05,142.19,4.7,5.4,4.4,6.4,5.8,2.2,4.3,5.3,6.8,7.4,3.1,3.6,4.9,8.2,7,6.2,4.2,3.6,3.6,2.9,5.8,5.7,6.3,4.1,13.2,7.7,-1.848199964,-1.53489995,1.607300043,-1.568400025,-1.426900029,-1.214699984,0.555999994,-1.226400018,-2.376899958,-0.805999994,0.928499997,-0.985499978,-1.890100002,-1.973999977,0.085000001,-1.987300038,-2.226399899,-2.403399944,-0.425199986,-2.413000107,-2.182399988,-1.31309998,0.259200007,-1.485399961,-1.817000031,1.934100032,0.649200022,1.920400023,-1.995800018,-1.25999999,-0.137400001,-1.299200058,8.35,15.67,251.174454,-1.995800018,-1.25999999,-1.299200058
2022.25,0.0363742156454354,0.0599215691278392,0.139700569054286,0.15388747146502,0.0390505221767283,0.0757824913441991,0.0308608842478197,0.022868747516666,0.0577670879678807,0.0182152250924232,-0.0175273140179482,0.144628114631145,0.0312359243677345,0.0507048079933468,0.101393252852654,0.0335714675246768,0.0142927147990852,0.082116351448408,0.0865939045079489,-0.00912335529538866,0.0395705904381476,0.186119777235529,0.0874622629620903,0.0691083633328116,0.0639053972520873,0.0376217780125985,169.43,132.18,167.58,157.94,106.35,217.2,143.96,189.36,113.81,130.83,166.1,255.23,161.89,108.1,185.56,193.91,188.4,144.63,188.58,163.5,188.31,144.94,175.57,172.43,141.71,142.86,4.4,5.8,4.4,7.2,6.4,2.3,4.3,5.8,6.5,7.5,3.1,3.3,4.4,8.1,6.6,5.7,4.6,3.7,3.4,2.8,6.2,5.6,6.3,4.3,13,7.7,-1.833099961,-1.231600046,2.642999887,-1.28579998,-1.087200046,-0.559199989,1.272699952,-0.578299999,-2.334000111,0.421000004,2.007200003,0.193399996,-1.972499967,-1.218199968,1.386100054,-1.281900048,-2.420900106,-2.072900057,0.392399997,-2.112200022,-2.416199923,-0.569899976,1.333899975,-0.78549999,-1.774600029,2.258699894,1.654099941,2.32949996,-1.971899986,-0.417600006,0.717599988,-0.479900002,9.6,9.21,289.7759074,-1.971899986,-0.417600006,-0.479900002
2022.5,-0.00573943378916197,-0.0603702451547403,0.19885873926353,0.149457199381556,0.0454466548623407,-0.00310447504487943,-0.0173146110056925,0.0176960593897018,-0.0188632502831256,-0.0160267209879874,0.0249759427801461,0.00783685741364093,0.0735365353586159,0.00514385725808908,0.028509224676714,0.11241729366947,-0.00867219582897183,0.0672882427307206,-0.0481205621598492,0.0436721774952857,0.0162556866583292,0.171444501231241,0.0571303331385156,-0.00408948056764724,-0.00106139291768614,-0.0944988707634842,173.59,134.96,174.43,162.44,109.95,219.4,144.39,190.94,112.41,134.34,164.8,262.98,166.47,106.9,187.79,199.7,192.3,146.23,189.95,167.38,193.82,143.2,180.57,176.4,144.15,138.46,4.9,5.4,3.9,7.2,6.4,2.2,4.6,5.8,7.1,7.2,3.2,3.6,4.2,8.2,7,6.1,5,3.3,3.6,2.9,6.2,5.5,6,4,13,7.1,-1.509600043,-0.622399986,3.246299982,-0.694899976,-0.514800012,0.129899994,1.842300057,0.108999997,-1.917999983,1.66050005,2.811700106,1.414499998,-1.466400027,-0.133100003,2.460900068,-0.225700006,-2.296999931,-1.383299947,0.887199998,-1.451900005,-2.269999981,0.46509999,2.308000088,0.231199995,-1.246500015,1.809900045,2.335700035,1.89320004,-1.605499983,0.462700009,1.407899976,0.390700012,7.63,7.92,285.3416549,-1.605499983,0.462700009,0.390700012
2022.75,0.0449151248134312,0.105469442315043,0.0413919050688349,-0.130450817893869,-0.0260693411264612,0.0086199645884868,0.0499116389431276,0.0203358921073835,0.041772625617718,0.0489500264187792,0.00536259971756992,0.045507607299895,0.0131731148995569,0.0123290430844154,0.00855839416058379,-0.0508366851331866,0.0179184976403792,-0.0313897361485386,0.0411140643174628,0.0968459506019661,-0.000885056369396287,0.125728790703209,-0.020651526344637,0.0423073530708848,0.0388396369403856,0.13893269478175,166.32,134.55,175.14,170.11,108.27,214.5,140.99,191.38,108.53,133.5,156.1,258.43,168.41,106.8,186.61,203.46,189.35,147.24,185.89,169.64,195.91,146.83,179.07,178.83,142.99,133.49,5,5.7,3.8,6.5,6.5,2.3,4.6,5.5,6.8,7.2,3.1,3.9,4.3,7.8,6.7,6.2,4.6,3.3,3.5,2.8,6.5,5.6,6,3.6,13,7.5,-0.621900022,0.429500014,3.326900005,0.349599987,0.204999998,0.88410002,2.370599985,0.862699986,-1.217599988,2.683000088,3.284399986,2.453099966,-0.3741,1.044199944,2.99180007,0.957499981,-1.420300007,-0.282700002,1.431900024,-0.364800006,-1.532799959,1.738899946,3.077300072,1.522400022,-0.296400011,0.810599983,2.61619997,0.890600026,-0.794799984,1.381199956,2.022799969,1.317800045,6.85,4.29,298.8616135,-0.794799984,1.381199956,1.317800045
2023,-0.0484560937655444,-0.0683151649544574,-0.281377208922181,-0.106268140349126,-0.0230504313431309,-0.0582589247532544,-0.039331777639799,-0.108589479809631,-0.0590741770667197,-0.0254543639281758,-0.00421098884216209,-0.176703202635056,-0.128486888689766,-0.0395920814327667,-0.0546418426242559,-0.100762565337758,-0.0318786456961834,-0.0398972759790883,-0.0538980136303506,-0.11902454853146,-0.0229716040181899,-0.359510974879329,-0.0719430412396219,-0.0761123020798075,-0.051182989860877,-0.0473027752929152,164.35,135.04,177.93,173.56,110.31,211.8,135.13,191.43,106.52,132.32,152,268.81,167.16,106.8,186.4,207.18,181.2,149.89,183.14,169.52,198.55,146.28,178.82,181.96,143.98,132.37,5,5.7,4.1,6.5,6.2,2.5,4.7,5.1,6.7,7.1,3,3.9,4.2,7.8,6.2,7,5.1,3.4,3.6,2.7,6.8,5.6,6.1,3.7,12.8,7.4,0.488499999,1.442499995,2.372699976,1.378299952,0.725199997,1.16260004,2.324300051,1.147799969,-0.317299992,2.66960001,2.898099899,2.519500017,0.662299991,1.52699995,2.45810008,1.48239994,-0.036899999,0.782500029,1.152199984,0.715799987,-0.390799999,2.401200056,2.900500059,2.253299952,0.702300012,-0.505200028,2.035399914,-0.486699998,0.185399994,1.742300034,1.979500055,1.707900047,8.59,6.18,266.969252,0.185399994,1.742300034,1.707900047
2023.25,-0.0031132703795298,0.0441859573140329,0.133973035345561,0.156013585818639,0.0310285853896897,0.0576899062530509,0.0249815445030188,0.0565606639932856,0.0445861191033097,0.0118380676518997,-0.024715783529038,0.132047964015686,0.0419350925157747,0.0247274681889051,0.0330532641773049,0.068841344818005,0.0157264844548484,0.0652464654184182,0.0623983122979082,-0.00849886857959425,0.0376552697508605,0.215816784934998,0.083151982967923,0.0754724661869919,0.0405409737644338,0.0046298111262717,164.68,134.55,185.5,179.63,110.15,211,135.67,198.79,107.45,131.72,150,271.54,166.3,108.8,195.54,212.05,177.25,152.24,180.92,175,204.74,145.14,171.75,185.39,146.97,133.15,5,5.6,4.5,6.1,5.9,2.6,4.9,6.7,7.1,7.3,3,4,4.3,7.6,6.4,6.4,5,3.7,3.5,2.8,6.4,5.6,5.9,3.6,12,7.5,1.592300057,2.247699976,0.971499979,2.210599899,1.150699973,1.312100053,1.847300053,1.304399967,0.603699982,2.251699924,2.088099957,2.200000048,1.715299964,1.792199969,1.465299964,1.804399967,1.286200047,1.593600035,1.344099998,1.555500031,0.841700017,2.664299965,2.321700096,2.600199938,1.560500026,-1.484799981,1.126999974,-1.470000029,1.158100009,1.761199951,1.570299983,1.766199946,5.31,3.75,229.9396918,1.158100009,1.761199951,1.766199946
2023.5,-0.0182407656771146,-0.0662594386169734,0.188965490379372,0.151532226255926,0.0452606635071089,-0.00419233658903084,-0.00721871156981213,0.0153581358400634,-0.0374516991974636,-0.0181737495505897,0.0166699131420274,0.036259446723971,0.00449048095662063,0.00422834332072064,0.0621202015710685,0.108922833761399,-0.00704362503245914,0.0343765880489044,-0.0506595356804372,0.0597096553942149,0.00773404056299598,0.179639153231685,0.0494490598191291,-0.011591926341588,-0.00588251769796866,-0.0795157008888588,164.29,136.31,190.48,180.09,110.65,211.7,138.07,198.26,104.35,132.25,147.9,272.63,168.79,108.7,193.46,217.15,165.52,154.51,182.91,182.88,208.48,150.02,173.2,186.33,150.68,132.61,5.3,5.4,4.4,6.1,5.8,2.6,4.9,7.5,7.4,7.4,3.1,4.1,4.4,7.8,6.5,6.7,5.3,3.7,3.6,2.8,6.4,5.3,5.8,3.8,12.1,7.8,2.266599894,2.587599993,-0.110100001,2.57949996,1.148800015,1.145300031,1.411599994,1.141700029,1.026100039,1.582499981,1.367300034,1.595999956,2.019999981,1.674499989,0.671199977,1.714599967,2.181799889,1.855999947,1.612699986,1.853099942,1.597200036,2.43569994,1.657699943,2.433799982,1.831900001,-1.770599961,0.435699999,-1.732499957,1.710899949,1.541000009,1.140200019,1.575799942,2.81,3.15,227.0638478,1.710899949,1.541000009,1.575799942
2023.75,0.0431441955666219,0.104173599630006,0.0376734205827913,-0.125125824851806,-0.0251481685396896,0.00721496366650376,0.0780235459857137,0.0154952840439866,0.0430765711671526,0.0558367002269675,0.0201875450410731,0.0397723805945465,-0.0212432133067779,0.013363200733109,-0.0141464180432241,-0.0578466674168261,0.0218446601941749,0.00375689969077819,0.0448196557372598,0.117664099713551,0.00564353559642616,0.108203532846093,0.00119481478064309,0.0398077585876766,0.044304582071649,0.139180129207302,161.4,138.28,192.78,186.24,109.95,212.3,140.26,202.4,103.32,128.73,145,277.19,173.69,108.7,188.14,220.4,161.96,157.05,186.07,191.72,211.27,152.28,176.56,191.19,149.13,129.59,5.1,5.5,4.3,5.7,5.5,2.6,5.9,6.4,7.6,7.6,3.2,4.4,4.4,7.4,6.9,7.4,5.4,3.1,3.6,3,6.5,5.7,5.6,3.5,11.9,8.1,2.545099974,2.567500114,-0.826399982,2.577899933,1.284199953,1.172899961,0.922500014,1.173499942,1.305400014,1.163400054,0.639400005,1.218500018,2.151200056,1.559200048,0.0592,1.616000056,2.333699942,1.840800047,1.585299969,1.849599957,2.144599915,2.191499949,1.091799974,2.226300001,1.835999966,-1.711899996,0.041700002,-1.655500054,1.886999965,1.252900004,0.674399972,1.299399972,5.44,-1.22,242.6576572,1.886999965,1.252900004,1.299399972
2024,-0.0396163153223543,-0.0637358743461951,-0.268235702672412,-0.110318322733229,-0.0128403182671385,-0.0680693599061732,-0.0643791684642461,-0.108866394161834,-0.0653257515783747,-0.0266941098812158,-0.0128204252664958,-0.169329981283703,-0.0585212903658016,-0.0392954283526737,-0.0724901801196078,-0.0782881313759642,-0.0177387493301984,-0.0459793280165838,-0.0553683944973747,-0.13872990588319,-0.0361622141673527,-0.3542495447912,-0.102198323726322,-0.0729490838780958,-0.0449832544138641,-0.0566407650492452,159.54,139.36,206.42,189.41,111.53,214.3,136.66,206.38,101.95,125.96,144.1,300.99,177.7,108.5,193.14,227.7,160.9,159.98,189.87,200.04,212.45,154.26,173.51,193.48,153.18,130.3,4.9,5.7,4.6,5.2,5.3,2.7,5.8,7.6,7.9,7.4,3.3,4.5,4.3,7.2,7,7.3,5.8,3.4,3.7,2.9,6.4,5.3,5.6,3.5,11.7,8.3,2.368999958,2.22239995,-0.969699979,2.237699986,1.404299974,1.279800057,0.450700015,1.282500029,1.436800003,0.876600027,0.0403,0.957300007,1.917500019,1.246500015,-0.234400004,1.306599975,2.09010005,1.487100005,1.663599968,1.502699971,2.230400085,1.826099992,0.711000025,1.860200047,1.606600046,-1.386299968,-0.049699999,-1.3204,1.724599957,0.818300009,0.178200006,0.7,4.36,4.13,201.1648703,1.724599957,0.818300009,0.7
2024.25,-3.94930669922466e-06,0.0467673991920556,0.128359722162302,0.154163935015133,0.0306084673891094,0.0711948171844965,0.0522629937474819,0.0783861671469739,0.0592279068457924,0.00273060004472092,-0.0175043143218768,0.130378203126162,0.0226925320108413,0.0283699625941749,0.0272219148814405,0.0556965305747823,0.0176927022691931,0.0577619507484308,0.0774880151755244,0.0214743216882727,0.0383707148683423,0.204392450178503,0.0806419329840029,0.0592628641234716,0.0485887073992046,0.0253124609123185,164.34,138.96,213.53,197.53,112.86,219.9,140.94,212.1,102.11,125.68,146.3,306.51,180.34,112,196.94,234.01,162.41,162.74,194.81,205.92,220.74,155.06,178.7,197.74,158.63,132.13,5.2,5.6,4.2,5.1,4.9,2.6,6.1,7.4,8.3,7.4,3.4,4.4,4.4,6.8,7,7.2,6.4,3.2,3.6,2.8,6.4,5.3,5.4,3.5,11.5,8.3,2.010400057,1.780599952,-0.879199982,1.796399951,1.326500058,1.094499946,-0.050000001,1.101500034,1.422099948,0.513400018,-0.386599988,0.612399995,1.577299953,0.779100001,-0.468699992,0.843500018,1.646999955,1.01639998,1.203299999,1.032999992,1.968700051,1.442499995,0.374799997,1.471300006,1.314800024,-1.192399979,-0.086900003,-1.174900055,1.289000034,0.346300006,-0.158899993,0.39410001,3.22,4.12,201.0720223,1.289000034,0.346300006,0.39410001
2024.5,-0.0125311996461407,-0.064624520297342,0.193945534664538,0.154425553437342,0.0472186392802914,0.0111782865963468,-0.0224873183550236,0.0111348654908248,-0.0115114893390805,-0.00946763103410186,0.0122605567440763,0.00968022051035788,0.100253709349972,0.00436380001220438,0.0512368147377804,0.11759591682265,-0.0224414362519201,0.018459343794579,-0.0425131307758793,0.0228227787094133,0.0103617161171883,0.140496521580048,0.0434693819397611,-0.00618823485288877,-0.00945825667821432,-0.0785210362243088,165.13,141.16,221.91,202.19,113.62,224.7,145.27,211.03,101.35,127.64,147.3,309.04,185.5,112.8,203.62,236.4,162.44,165.3,201.98,209.2,228.89,155.86,183.88,201.07,163.12,133,5.3,5.7,4,5.2,4.7,2.6,6.4,7.7,8.5,7.5,3.5,4.6,4.2,6.1,6.8,7.2,6.7,3,3.6,3,6.4,5.7,5.3,4.3,11.3,8.5,1.614099979,1.402799964,-0.691999972,1.414100051,1.083400011,0.846899986,-0.351399988,0.853399992,1.278699994,0.174799994,-0.598200023,0.281100005,1.199000001,0.306899995,-0.638999999,0.373199999,1.22510004,0.561600029,1.043200016,0.57980001,1.671300054,1.119899988,0.149499997,1.1329,0.979900002,-0.89380002,-0.1193,-0.900699973,0.827400029,-0.039700001,-0.326599985,0.0024,4.4,0.06,226.8670362,0.827400029,-0.039700001,0.0024
