Country;Date;Dummy;Corpo_DR_N;Corpo_DR_q25;Corpo_DR_q50;Corpo_DR_q75;Corpo_DR_WA
Austria;31/12/2015;1;8;0.005634621;0.00827575;0.021417947;0.008779276
Austria;31/03/2016;1;5;0.002999397;0.007506376;0.007571945;0.007409857
Austria;30/06/2016;1;6;0.000645835;0.004907921;0.006063498;0.00658445
Austria;30/09/2016;1;5;0.001058638;0.006866415;0.00694159;0.007830579
Austria;31/12/2016;1;8;0.004426576;0.007406476;0.01513554;0.007623391
Austria;31/03/2017;1;6;0.0021;0.0078;0.0095;0.0095
Austria;30/06/2017;1;4;0.0057;0.0081;0.0084;0.0081
Austria;30/09/2017;1;5;0.006239919;0.007169027;0.007278474;0.006983056
Austria;31/12/2017;1;10;0.012220262;0.040237141;0.268074315;0.019537221
Austria;31/03/2018;1;9;0.009344966;0.013983429;0.2299595;0.014786136
Austria;30/06/2018;1;7;0.0095;0.0134;0.2225;0.0154
Austria;30/09/2018;1;7;0.0094;0.0152;0.0598;0.0148
Austria;31/12/2018;1;6;0.0021;0.0078;0.0095;0.0095
Austria;31/03/2019;1;9;0;6.64747E-07;0.00559117;0.007646675
Austria;30/06/2019;1;9;0;0.003490688;0.009879478;0.008145834
Austria;30/09/2019;1;12;1.80489E-07;0.001363017;0.00823134;0.00913845
Austria;31/12/2019;1;12;2.93485E-05;0.006083694;0.008072174;0.006498419
Austria;31/03/2020;1;11;0;0.00494925;0.010661635;0.008473484
Austria;30/06/2020;1;13;0;0.006037045;0.012546208;0.008320395
Austria;30/09/2020;1;12;0.003470015;0.006187333;0.035073187;0.008347213
Austria;31/12/2020;1;11;0;0.005025121;0.014751841;0.012889567
Austria;31/03/2021;1;13;0;0.004985358;0.014332444;0.013554866
Austria;30/06/2021;1;17;0;0.003579036;0.015850783;0.013952919
Austria;30/09/2021;1;11;0;0.000810717;0.014772511;0.010961879
Austria;31/12/2021;1;14;0;0.000569285;0.002031289;0.002856367
Austria;31/03/2022;1;10;0;0.000882293;0.005132178;0.003757673
Austria;30/06/2022;1;10;0;1.06909E-06;0.004465677;0.003543675
Austria;30/09/2022;1;9;0.001297677;0.005286234;0.032738889;0.004580857
Austria;31/12/2022;1;8;0.002660883;0.005723545;0.029696296;0.005534883
Austria;31/03/2023;1;6;0.000794799;0.00509794;0.005496374;0.005067341
Austria;30/06/2023;1;6;0.000843894;0.003054909;0.005000073;0.004455565
Austria;30/09/2023;1;9;0;0.000937105;0.00486438;0.004866107
Austria;31/12/2023;1;15;0;0.00465186;0.014521151;0.01083028
Austria;31/03/2024;1;15;1.10507E-05;0.006027091;0.016288457;0.012753802
Austria;30/06/2024;1;12;1.16672E-07;0.000544012;0.012388326;0.012647999
Austria;30/09/2024;1;12;3.06487E-07;0.004210959;0.012815012;0.013323652
Austria;31/12/2024;1;18;0.004743649;0.012254704;0.039490008;0.012581909
Belgium;31/12/2015;1;13;0.004380188;0.009254714;0.012439476;0.014996402
Belgium;31/03/2016;1;12;0.002307603;0.009046329;0.013822425;0.014213739
Belgium;30/06/2016;1;14;0.002934666;0.008111126;0.033300104;0.014618025
Belgium;30/09/2016;1;16;0.000216572;0.005131835;0.009534164;0.014018659
Belgium;31/12/2016;1;13;0.00746415;0.009364778;0.031779706;0.012347135
Belgium;31/03/2017;1;9;0.0061;0.0096;0.0134;0.0114
Belgium;30/06/2017;1;10;0.0052;0.009;0.0155;0.0102
Belgium;30/09/2017;1;9;0.005335615;0.006964631;0.008126511;0.008040783
Belgium;31/12/2017;1;11;0.002903867;0.007476097;0.009465242;0.007618421
Belgium;31/03/2018;1;10;0.002911214;0.007886667;0.008423626;0.008103107
Belgium;30/06/2018;1;9;0.0062;0.0081;0.0098;0.0084
Belgium;30/09/2018;1;8;0.0066;0.0087;0.0183;0.0088
Belgium;31/12/2018;1;9;0.0061;0.0096;0.0134;0.0114
Belgium;31/03/2019;1;16;0;0.002012392;0.011754387;0.009785363
Belgium;30/06/2019;1;19;0;0.004494934;0.013926858;0.011729736
Belgium;30/09/2019;1;17;0;0.003451413;0.01168111;0.013217074
Belgium;31/12/2019;1;18;6.23227E-05;0.015429971;0.027030612;0.014605266
Belgium;31/03/2020;1;14;0.001352896;0.016292111;0.023991117;0.014514629
Belgium;30/06/2020;1;16;0.001676022;0.017219572;0.024737016;0.015578411
Belgium;30/09/2020;1;14;0.003186784;0.013424452;0.021382328;0.014537821
Belgium;31/12/2020;1;16;1.05942E-07;0.001045871;0.017874475;0.01529408
Belgium;31/03/2021;1;13;0.000563053;0.009233204;0.018978436;0.015025562
Belgium;30/06/2021;1;15;1.49952E-06;0.017313311;0.021960283;0.016865551
Belgium;30/09/2021;1;14;0.005855706;0.018148128;0.022152643;0.017576908
Belgium;31/12/2021;1;16;4.87362E-07;0.006425849;0.016190211;0.01348543
Belgium;31/03/2022;1;16;0.000590753;0.005441568;0.01590605;0.013105316
Belgium;30/06/2022;1;15;0.000929554;0.007714214;0.015091887;0.010972638
Belgium;30/09/2022;1;14;0.001575148;0.007975868;0.015113511;0.011060183
Belgium;31/12/2022;1;12;0.006987947;0.012955025;0.01484715;0.011258469
Belgium;31/03/2023;1;11;0.005670251;0.010028583;0.014415353;0.01057503
Belgium;30/06/2023;1;10;0.002916259;0.007154245;0.011888957;0.007981509
Belgium;30/09/2023;1;15;1.70256E-05;0.004605168;0.010251737;0.006234351
Belgium;31/12/2023;1;15;2.87085E-07;0.004063199;0.006498122;0.005785664
Belgium;31/03/2024;1;14;0.001920574;0.005203198;0.008668127;0.007861482
Belgium;30/06/2024;1;13;0.003889845;0.005855266;0.008025028;0.007726772
Belgium;30/09/2024;1;14;0.002369954;0.009388625;0.025358193;0.017721509
Belgium;31/12/2024;1;15;0.003336867;0.010913292;0.025144273;0.018778915
Czech;31/12/2015;1;10;0.006326948;0.010303674;0.018565176;0.018819452
Czech;31/03/2016;1;11;0.007144505;0.011332273;0.019048146;0.012999317
Czech;30/06/2016;1;11;0.006423302;0.010993181;0.022076184;0.012713065
Czech;30/09/2016;1;9;0.004032557;0.008603058;0.015015357;0.012578975
Czech;31/12/2016;1;6;0.011394021;0.014083314;0.015782622;0.013377509
Czech;31/03/2017;1;8;0.0031;0.0046;0.009;0.0076
Czech;30/06/2017;1;10;0.0028;0.0098;0.0118;0.0087
Czech;30/09/2017;1;7;0.004353203;0.007370971;0.008981331;0.007797665
Czech;31/12/2017;1;7;0.005354087;0.008451659;0.010210866;0.007382351
Czech;31/03/2018;1;7;0.004935069;0.007489384;0.008104756;0.006620742
Czech;30/06/2018;1;7;0.0044;0.0052;0.0075;0.006
Czech;30/09/2018;1;6;0.0033;0.0083;0.0097;0.0075
Czech;31/12/2018;1;8;0.0031;0.0046;0.009;0.0076
Czech;31/03/2019;1;12;0.002298376;0.005834461;0.009181403;0.011851514
Czech;30/06/2019;1;12;0.000144002;0.004559891;0.009981124;0.011391966
Czech;30/09/2019;1;15;0;0.006418682;0.013951284;0.010279535
Czech;31/12/2019;1;13;6.04096E-05;0.005538527;0.00638918;0.009025192
Czech;31/03/2020;1;11;0;0.004184003;0.005737;0.00505423
Czech;30/06/2020;1;12;0;0.005241623;0.007691403;0.00639235
Czech;30/09/2020;1;11;0;0.007491371;0.009589931;0.007040567
Czech;31/12/2020;1;11;0;0.009846368;0.010736069;0.010821712
Czech;31/03/2021;1;12;0.000225853;0.010662713;0.012476138;0.011616645
Czech;30/06/2021;1;13;0.00036541;0.009813494;0.012447387;0.011557716
Czech;30/09/2021;1;13;0.000479233;0.009960609;0.011361624;0.010600357
Czech;31/12/2021;1;13;0.000544161;0.004808496;0.006918728;0.005544502
Czech;31/03/2022;1;11;0.000530583;0.004543491;0.008112102;0.006681266
Czech;30/06/2022;1;13;0.000520501;0.003882085;0.006430399;0.00596249
Czech;30/09/2022;1;10;0.002053079;0.004994418;0.007850622;0.005827032
Czech;31/12/2022;1;11;0.004219079;0.008426164;0.012395991;0.007518412
Czech;31/03/2023;1;8;0.003567446;0.004085833;0.007038274;0.006695717
Czech;30/06/2023;1;5;0.00309154;0.003262473;0.004477549;0.006407042
Czech;30/09/2023;1;10;0;0.00349203;0.005162367;0.006823549
Czech;31/12/2023;1;10;0;0.003090832;0.005142592;0.00622522
Czech;31/03/2024;1;11;0;0.005116754;0.007157568;0.008425891
Czech;30/06/2024;1;11;0;0.004986367;0.00831463;0.008577483
Czech;30/09/2024;1;12;4.42421E-09;0.001951648;0.00562051;0.006614844
Czech;31/12/2024;1;10;0.000107205;0.003526568;0.008539336;0.007213158
Denmark;31/12/2015;1;13;0.011956885;0.01318794;0.017811768;0.0108931
Denmark;31/03/2016;1;14;0.012816391;0.015355543;0.052704254;0.012463062
Denmark;30/06/2016;1;14;0.012965792;0.014465529;0.083541867;0.013264738
Denmark;30/09/2016;1;12;0.009240934;0.014630809;0.149883547;0.012830637
Denmark;31/12/2016;1;10;0.004481513;0.007521385;0.017244763;0.010853565
Denmark;31/03/2017;1;7;0.0017;0.0061;0.0077;0.006
Denmark;30/06/2017;1;9;0.0028;0.005;0.0076;0.0054
Denmark;30/09/2017;1;8;0.003630303;0.007378739;0.009327781;0.006084031
Denmark;31/12/2017;1;10;0.002885318;0.007396098;0.335269252;0.006623541
Denmark;31/03/2018;1;11;0.003342987;0.01014418;0.224426333;0.007528648
Denmark;30/06/2018;1;8;0.0032;0.0073;0.0206;0.0065
Denmark;30/09/2018;1;9;0.0037;0.0071;0.008;0.0063
Denmark;31/12/2018;1;7;0.0017;0.0061;0.0077;0.006
Denmark;31/03/2019;1;14;0;1.2791E-06;0.004455127;0.005413475
Denmark;30/06/2019;1;11;0;0.001649794;0.006057896;0.005433434
Denmark;30/09/2019;1;12;0;0.002567232;0.007636853;0.005884432
Denmark;31/12/2019;1;11;0;0.002412365;0.00579829;0.00595245
Denmark;31/03/2020;1;8;0;0.001716778;0.007650784;0.006565265
Denmark;30/06/2020;1;11;0;0.004868663;0.011012782;0.006785248
Denmark;30/09/2020;1;10;0.000299012;0.004372879;0.010060748;0.006395255
Denmark;31/12/2020;1;11;6.75178E-05;0.002605841;0.009201162;0.006961334
Denmark;31/03/2021;1;9;8.53804E-06;0.003351642;0.008621954;0.007857089
Denmark;30/06/2021;1;10;6.61954E-05;0.003486144;0.009564084;0.0078218
Denmark;30/09/2021;1;10;0.001951958;0.006586279;0.00880282;0.007201255
Denmark;31/12/2021;1;10;0;0.0024857;0.01114;0.005013441
Denmark;31/03/2022;1;8;0.000133897;0.002092984;0.008031724;0.004655575
Denmark;30/06/2022;1;9;0.000330694;0.002596665;0.007273473;0.0039523
Denmark;30/09/2022;1;9;0.000495464;0.00308401;0.005437514;0.004187541
Denmark;31/12/2022;1;8;0.000275802;0.002924474;0.003943036;0.00346678
Denmark;31/03/2023;1;5;0.003085999;0.004460228;0.005354577;0.003530558
Denmark;30/06/2023;1;7;0.002035857;0.004616322;0.019431093;0.003632002
Denmark;30/09/2023;1;10;0.001248817;0.002382885;0.005649342;0.003436084
Denmark;31/12/2023;1;11;0.001531583;0.003156301;0.00622192;0.00400222
Denmark;31/03/2024;1;9;0.001769054;0.002964322;0.004449146;0.003846359
Denmark;30/06/2024;1;10;0;0.002291726;0.004332175;0.004158676
Denmark;30/09/2024;1;11;0;0.00139224;0.004339902;0.004367336
Denmark;31/12/2024;1;12;1.99663E-06;0.002345117;0.004618289;0.004398064
Finland;31/12/2015;1;7;0.001040758;0.004045391;0.01421387;0.015100503
Finland;31/03/2016;1;8;0.002869549;0.006789059;0.016532925;0.016922192
Finland;30/06/2016;1;11;0.001207974;0.012713302;0.024679479;0.01574262
Finland;30/09/2016;1;8;0.005241731;0.011983507;0.020878491;0.013932794
Finland;31/12/2016;1;6;0.008196383;0.012823841;0.024121654;0.014403261
Finland;31/03/2017;1;4;0.0031;0.0071;0.013;0.0082
Finland;30/06/2017;1;9;0.0037;0.0119;0.0181;0.0149
Finland;30/09/2017;1;6;0.005287792;0.020521057;0.027173302;0.016695356
Finland;31/12/2017;1;4;0.002669727;0.010344537;0.019914858;0.008842097
Finland;31/03/2018;1;5;0.00400892;0.018105134;0.019534181;0.012299141
Finland;30/06/2018;1;7;0.0027;0.0078;0.0178;0.0112
Finland;30/09/2018;1;7;0.0025;0.0036;0.0156;0.0097
Finland;31/12/2018;1;4;0.0031;0.0071;0.013;0.0082
Finland;31/03/2019;1;11;0;0;0.003890943;0.007139423
Finland;30/06/2019;1;13;0;0;0.004679416;0.005306121
Finland;30/09/2019;1;11;0;0;0.00216818;0.00498758
Finland;31/12/2019;1;11;0;0;0.004826059;0.007524988
Finland;31/03/2020;1;10;0;0.002539125;0.011332323;0.010241394
Finland;30/06/2020;1;10;0;0.00016816;0.007511717;0.013335476
Finland;30/09/2020;1;9;0;0.000373839;0.009356307;0.014936556
Finland;31/12/2020;1;10;0;0.0001489;0.00598431;0.016844504
Finland;31/03/2021;1;10;0;0.00018879;0.005897417;0.015422327
Finland;30/06/2021;1;10;0;0.000176531;0.006105076;0.01459928
Finland;30/09/2021;1;9;0;0;0.006016076;0.014397764
Finland;31/12/2021;1;12;0;0.000493225;0.009064432;0.013900326
Finland;31/03/2022;1;8;0;0.000124274;0.002902343;0.008334427
Finland;30/06/2022;1;10;0;0.000307603;0.004563124;0.006088416
Finland;30/09/2022;1;8;0.000462497;0.001167987;0.008170064;0.002981193
Finland;31/12/2022;1;6;0.00027638;0.001670715;0.002932295;0.001687308
Finland;31/03/2023;1;7;0.000255795;0.002843517;0.003529583;0.003117368
Finland;30/06/2023;1;7;0.000740053;0.002576178;0.00717001;0.005241847
Finland;30/09/2023;1;9;0;0.000120879;0.005799046;0.006580933
Finland;31/12/2023;1;11;0;5.39227E-06;0.014167378;0.007843
Finland;31/03/2024;1;12;0;0.00106848;0.012700999;0.009485769
Finland;30/06/2024;1;9;0;6.34811E-10;0.004915607;0.006512747
Finland;30/09/2024;1;9;0;0;0.005188145;0.005768712
Finland;31/12/2024;1;9;0;6.06292E-06;0.005708603;0.006562942
France;31/12/2015;1;22;0.001630152;0.003649757;0.009211013;0.005867753
France;31/03/2016;1;28;0.001641766;0.003834233;0.009527688;0.005502663
France;30/06/2016;1;27;0.000920935;0.002787614;0.009158893;0.005259441
France;30/09/2016;1;25;0.000524068;0.002770213;0.008245607;0.006093167
France;31/12/2016;1;22;0.001968765;0.0043155;0.010200629;0.007210886
France;31/03/2017;1;18;0.0009;0.0022;0.0067;0.0071
France;30/06/2017;1;17;0.0008;0.0042;0.008;0.007
France;30/09/2017;1;21;0.001184791;0.004816975;0.009762914;0.005988039
France;31/12/2017;1;21;0.001201634;0.004755071;0.009943238;0.005833395
France;31/03/2018;1;19;0.000381115;0.00391588;0.014257261;0.007520522
France;30/06/2018;1;19;0.0005;0.0028;0.0069;0.0071
France;30/09/2018;1;18;0.0017;0.0036;0.0061;0.0073
France;31/12/2018;1;18;0.0009;0.0022;0.0067;0.0071
France;31/03/2019;1;22;0.000330233;0.00229545;0.008835486;0.007394537
France;30/06/2019;1;26;0.000398239;0.006192139;0.017814789;0.009937161
France;30/09/2019;1;28;0.001112472;0.006759452;0.014401433;0.01070611
France;31/12/2019;1;25;0.000433714;0.006072668;0.011180587;0.010856847
France;31/03/2020;1;23;0.000375569;0.007408636;0.011310703;0.011043178
France;30/06/2020;1;25;0.001024633;0.006257555;0.012891039;0.00893714
France;30/09/2020;1;24;0.004659737;0.008326148;0.013894791;0.009227733
France;31/12/2020;1;22;0.005142016;0.00884368;0.015123125;0.009005775
France;31/03/2021;1;20;0.003903128;0.007080941;0.010851856;0.008229511
France;30/06/2021;1;19;0.003951533;0.007719399;0.009934795;0.007979994
France;30/09/2021;1;21;0.000906228;0.006728842;0.008871235;0.006720786
France;31/12/2021;1;23;0.001203273;0.00497749;0.008979521;0.006352508
France;31/03/2022;1;22;0.001205062;0.003758393;0.009509964;0.005718241
France;30/06/2022;1;22;0.000197898;0.002865397;0.008081449;0.005168427
France;30/09/2022;1;19;0.003643546;0.006993235;0.01261894;0.005863829
France;31/12/2022;1;24;0.004014582;0.006772175;0.011841504;0.008860736
France;31/03/2023;1;16;0.005081726;0.010104824;0.013090902;0.009995455
France;30/06/2023;1;19;0.005980792;0.011199293;0.023103304;0.012489431
France;30/09/2023;1;26;0.004276883;0.009911805;0.02017704;0.012761186
France;31/12/2023;1;26;0.002146918;0.009447338;0.021132641;0.01114716
France;31/03/2024;1;25;0.002589112;0.008987757;0.012482262;0.014653585
France;30/06/2024;1;27;0.001237258;0.008718743;0.018368962;0.016253172
France;30/09/2024;1;24;0.001917171;0.007396622;0.015241179;0.012474255
France;31/12/2024;1;25;0.002512373;0.009966876;0.019467522;0.015274588
Germany;31/12/2015;1;37;0.004342433;0.008028586;0.012004214;0.013389021
Germany;31/03/2016;1;38;0.004727381;0.005939393;0.013441654;0.012821773
Germany;30/06/2016;1;37;0.003746178;0.007576997;0.01134751;0.012946739
Germany;30/09/2016;1;35;0.003153161;0.006953832;0.010095807;0.01295609
Germany;31/12/2016;1;32;0.001188337;0.003626873;0.008143428;0.014256628
Germany;31/03/2017;1;29;0.0023;0.0047;0.0085;0.0101
Germany;30/06/2017;1;25;0.0015;0.0034;0.0104;0.0126
Germany;30/09/2017;1;29;0.001243672;0.002525975;0.006112097;0.01063766
Germany;31/12/2017;1;26;0.001802588;0.003063874;0.008704944;0.010033023
Germany;31/03/2018;1;26;0.001955281;0.003181806;0.010623468;0.010249246
Germany;30/06/2018;1;25;0.0031;0.0041;0.0091;0.0098
Germany;30/09/2018;1;21;0.003;0.004;0.0106;0.0114
Germany;31/12/2018;1;29;0.0023;0.0047;0.0085;0.0101
Germany;31/03/2019;1;34;0.001111836;0.00348819;0.006982034;0.010810238
Germany;30/06/2019;1;29;0.000306693;0.003377663;0.007089243;0.010769503
Germany;30/09/2019;1;30;0.000715285;0.003990528;0.00805922;0.009722676
Germany;31/12/2019;1;34;0.001360577;0.003980994;0.009786871;0.008375473
Germany;31/03/2020;1;28;0.002908837;0.006459641;0.009749756;0.008013627
Germany;30/06/2020;1;38;0.001522828;0.009102945;0.015275609;0.010033588
Germany;30/09/2020;1;22;0.001777337;0.006966709;0.012391808;0.009146207
Germany;31/12/2020;1;34;0.001226796;0.006087926;0.01324528;0.008515138
Germany;31/03/2021;1;23;0.000269495;0.002982002;0.008653646;0.006805953
Germany;30/06/2021;1;31;0.001006223;0.00334302;0.006353138;0.005404254
Germany;30/09/2021;1;30;0.000512163;0.004552813;0.007898086;0.005193986
Germany;31/12/2021;1;31;0.000506546;0.003663503;0.007468259;0.004789751
Germany;31/03/2022;1;29;0.000654335;0.002889114;0.006092986;0.004666553
Germany;30/06/2022;1;28;0.001355415;0.00266878;0.005490168;0.004103591
Germany;30/09/2022;1;26;0.001269246;0.004280746;0.006613627;0.00427896
Germany;31/12/2022;1;28;0.001011695;0.00274365;0.004753648;0.003863078
Germany;31/03/2023;1;25;0.00139189;0.003281843;0.005820577;0.004244953
Germany;30/06/2023;1;24;0.001374279;0.003447042;0.008060826;0.005391507
Germany;30/09/2023;1;35;0.001664372;0.003982347;0.007841767;0.00569165
Germany;31/12/2023;1;37;0.001014925;0.004847918;0.014829569;0.008088835
Germany;31/03/2024;1;33;0.004354832;0.006349021;0.017920127;0.009228487
Germany;30/06/2024;1;35;0.003189281;0.006004761;0.016346023;0.009093352
Germany;30/09/2024;1;35;0.005076468;0.010174293;0.0200671;0.011908084
Germany;31/12/2024;1;34;0.002706444;0.008594821;0.017245027;0.011317277
Hungary;31/12/2015;1;8;0.002425664;0.005456051;0.01623879;0.007695708
Hungary;31/03/2016;1;9;0.002478597;0.0045567;0.00917453;0.006835299
Hungary;30/06/2016;1;9;0.002478597;0.009561632;0.009905887;0.008656732
Hungary;30/09/2016;1;7;0.002400578;0.010553759;0.012457758;0.010867928
Hungary;31/12/2016;1;4;0.004554312;0.010262784;0.014569343;0.010225656
Hungary;31/03/2017;1;7;0.002;0.0035;0.0091;0.0058
Hungary;30/06/2017;1;5;0.006;0.0092;0.0095;0.0094
Hungary;30/09/2017;1;6;0.000892841;0.005829593;0.010081512;0.008159906
Hungary;31/12/2017;1;5;0.002650266;0.004095054;0.004850854;0.003865846
Hungary;31/03/2018;1;7;0.000829193;0.002103725;0.002715975;0.003767756
Hungary;30/06/2018;1;6;0.0014;0.0026;0.0031;0.0024
Hungary;30/09/2018;1;6;0.0023;0.0026;0.0036;0.003
Hungary;31/12/2018;1;7;0.002;0.0035;0.0091;0.0058
Hungary;31/03/2019;1;10;0;0.00521131;0.008800121;0.007865812
Hungary;30/06/2019;1;9;0;0.005055256;0.013855306;0.012569262
Hungary;30/09/2019;1;10;0;0.005061578;0.008755556;0.012301529
Hungary;31/12/2019;1;12;0;0.003156561;0.008723694;0.007648953
Hungary;31/03/2020;1;8;0;0.001131595;0.005140193;0.005044327
Hungary;30/06/2020;1;9;0.00156835;0.006911474;0.008857474;0.006506627
Hungary;30/09/2020;1;9;0.001405332;0.012534126;0.027392849;0.016350273
Hungary;31/12/2020;1;8;0.002753831;0.010930415;0.026307848;0.020007926
Hungary;31/03/2021;1;8;2.51122E-05;0.005964765;0.027992097;0.021413729
Hungary;30/06/2021;1;10;0;0.009372633;0.024600194;0.019695848
Hungary;30/09/2021;1;9;0;0.009385355;0.014611899;0.010982733
Hungary;31/12/2021;1;11;0;0.004768175;0.009578334;0.006863459
Hungary;31/03/2022;1;10;0.003294045;0.005115203;0.012156095;0.008643694
Hungary;30/06/2022;1;8;0.000840308;0.001999908;0.007784076;0.004447791
Hungary;30/09/2022;1;8;0.002737896;0.004540959;0.007815293;0.004752876
Hungary;31/12/2022;1;13;0.002583444;0.004099429;0.006015837;0.005707633
Hungary;31/03/2023;1;7;0.002336087;0.004778871;0.02749875;0.005374705
Hungary;30/06/2023;1;7;0.002084668;0.004266733;0.004698021;0.003551309
Hungary;30/09/2023;1;9;0.002139279;0.004872799;0.005515967;0.004020738
Hungary;31/12/2023;1;8;9.43998E-06;0.006193234;0.008177763;0.007834416
Hungary;31/03/2024;1;10;0.000287032;0.004421763;0.008786496;0.007650222
Hungary;30/06/2024;1;9;0.00028033;0.00610596;0.010062188;0.008621648
Hungary;30/09/2024;1;8;0.001766962;0.005994995;0.009812258;0.008011106
Hungary;31/12/2024;1;7;0.001356652;0.001975771;0.012531915;0.00710046
Ireland;31/12/2015;1;14;0.003646568;0.02957831;0.042640114;0.029183151
Ireland;31/03/2016;1;18;0.000046249;0.022317221;0.053306127;0.036092502
Ireland;30/06/2016;1;13;0.005723986;0.023388094;0.0402939;0.031101233
Ireland;30/09/2016;1;14;0.006056395;0.020313025;0.048658956;0.021362931
Ireland;31/12/2016;1;13;0.001448412;0.013388427;0.037679492;0.021851945
Ireland;31/03/2017;1;7;0.0066;0.0254;0.0441;0.0284
Ireland;30/06/2017;1;12;0.0166;0.0235;0.0374;0.0263
Ireland;30/09/2017;1;16;0.000904216;0.017038217;0.028308302;0.016140926
Ireland;31/12/2017;1;8;0.007113216;0.015815447;0.021935479;0.019958641
Ireland;31/03/2018;1;11;0.011060594;0.016175729;0.022159311;0.017085236
Ireland;30/06/2018;1;12;0.0074;0.0135;0.0212;0.0153
Ireland;30/09/2018;1;11;0.0088;0.0197;0.034;0.0222
Ireland;31/12/2018;1;7;0.0066;0.0254;0.0441;0.0284
Ireland;31/03/2019;1;23;0;0.005418115;0.027743684;0.023064925
Ireland;30/06/2019;1;16;0;0.004448168;0.025681019;0.044110873
Ireland;30/09/2019;1;17;0;0.005222687;0.020076886;0.039114598
Ireland;31/12/2019;1;16;0;0.002584172;0.014908543;0.038207315
Ireland;31/03/2020;1;14;0;0.005511004;0.017482163;0.034195114
Ireland;30/06/2020;1;15;0.005968619;0.014618934;0.025915514;0.018288117
Ireland;30/09/2020;1;13;0.005995585;0.014435089;0.0235394;0.018293599
Ireland;31/12/2020;1;12;0.000908854;0.004733143;0.023523669;0.018805785
Ireland;31/03/2021;1;10;0;0.011108248;0.03060268;0.028103295
Ireland;30/06/2021;1;12;0.001949769;0.016801279;0.035684587;0.020662128
Ireland;30/09/2021;1;9;0;0.019137552;0.036938583;0.026065427
Ireland;31/12/2021;1;9;0;0.020824744;0.027169592;0.019892519
Ireland;31/03/2022;1;11;0.005376158;0.02418503;0.111460024;0.019743042
Ireland;30/06/2022;1;9;0.0134185;0.017027875;0.030575689;0.01977676
Ireland;30/09/2022;1;9;0.005103853;0.015000065;0.031413084;0.023615763
Ireland;31/12/2022;1;8;0.013162399;0.023936371;0.034833643;0.029611896
Ireland;31/03/2023;1;9;0.011701709;0.015874791;0.029977706;0.021017725
Ireland;30/06/2023;1;4;0.007025204;0.019033862;0.101739114;0.021850577
Ireland;30/09/2023;1;13;0.001384657;0.011770983;0.022271505;0.013286951
Ireland;31/12/2023;1;14;9.6853E-05;0.003291689;0.018750632;0.009377504
Ireland;31/03/2024;1;11;0;0.001404265;0.016657569;0.014923593
Ireland;30/06/2024;1;13;0;0.006789379;0.015951835;0.013525631
Ireland;30/09/2024;1;9;0;4.48314E-06;0.013110182;0.009073228
Ireland;31/12/2024;1;12;0;0.002297657;0.012733539;0.006776185
Italy;31/12/2015;1;15;0.003757301;0.008810559;0.030738323;0.035711488
Italy;31/03/2016;1;17;0.004138085;0.008810559;0.024228458;0.021502491
Italy;30/06/2016;1;18;0.004560259;0.008820761;0.020271378;0.019929632
Italy;30/09/2016;1;13;0.003328737;0.006596181;0.018692214;0.017700824
Italy;31/12/2016;1;11;0.00433119;0.008651596;0.018221864;0.01876926
Italy;31/03/2017;1;17;0.0142;0.0187;0.0578;0.0537
Italy;30/06/2017;1;10;0.0068;0.0159;0.0236;0.0455
Italy;30/09/2017;1;12;0.004564805;0.014471968;0.022666911;0.058783688
Italy;31/12/2017;1;13;0.003479665;0.013927919;0.026759237;0.069034417
Italy;31/03/2018;1;17;0.010280083;0.019190581;0.082246648;0.065732929
Italy;30/06/2018;1;14;0.0067;0.0152;0.0735;0.0647
Italy;30/09/2018;1;16;0.0049;0.018;0.0707;0.0532
Italy;31/12/2018;1;17;0.0142;0.0187;0.0578;0.0537
Italy;31/03/2019;1;22;0;0.003390189;0.019601556;0.054865428
Italy;30/06/2019;1;21;0;0.00566915;0.016298468;0.043878846
Italy;30/09/2019;1;22;0;0.004256937;0.014260396;0.031615669
Italy;31/12/2019;1;21;0;0.001858527;0.012030296;0.013779841
Italy;31/03/2020;1;22;0.001010849;0.005637585;0.010959416;0.011779606
Italy;30/06/2020;1;20;0.001774876;0.006044265;0.010709112;0.010092053
Italy;30/09/2020;1;17;0.001524719;0.00548926;0.008903986;0.008458234
Italy;31/12/2020;1;19;0.001291038;0.005834183;0.007746446;0.006875634
Italy;31/03/2021;1;15;0;0.003836918;0.008123445;0.005779267
Italy;30/06/2021;1;14;0;0.004028084;0.005788766;0.004887313
Italy;30/09/2021;1;17;0.001834169;0.004911608;0.007612006;0.005962216
Italy;31/12/2021;1;16;0.001052673;0.004484328;0.0084897;0.006696892
Italy;31/03/2022;1;18;0.001332104;0.003892552;0.006634508;0.006047045
Italy;30/06/2022;1;19;1.81667E-05;0.005119655;0.006996495;0.006026918
Italy;30/09/2022;1;17;0.003002736;0.005145462;0.005828727;0.005673336
Italy;31/12/2022;1;14;0.005100794;0.007577142;0.008624354;0.007109804
Italy;31/03/2023;1;17;0.004067404;0.006732723;0.009864156;0.0083657
Italy;30/06/2023;1;11;0.004134745;0.00732715;0.009738154;0.008697085
Italy;30/09/2023;1;17;0.000816029;0.006455691;0.009464822;0.009009659
Italy;31/12/2023;1;21;0.000566455;0.004981914;0.009434333;0.007727674
Italy;31/03/2024;1;20;0.001006259;0.005373384;0.010627871;0.007751769
Italy;30/06/2024;1;17;0.000264016;0.00461047;0.008671317;0.009052108
Italy;30/09/2024;1;17;0.001787327;0.006068129;0.011208856;0.010451177
Italy;31/12/2024;1;15;0.000703241;0.004756896;0.01178881;0.011864094
Luxembourg;31/12/2015;1;16;0.00053375;0.004317989;0.011223193;0.0059917
Luxembourg;31/03/2016;1;23;0.000786309;0.004250292;0.012038749;0.007534293
Luxembourg;30/06/2016;1;20;0.000480487;0.006329381;0.011955891;0.013770109
Luxembourg;30/09/2016;1;21;0.000921596;0.008485941;0.016279086;0.016029281
Luxembourg;31/12/2016;1;20;0.000769625;0.006017603;0.028117267;0.016649916
Luxembourg;31/03/2017;1;21;0.0009;0.002;0.0082;0.0048
Luxembourg;30/06/2017;1;12;0.0019;0.0055;0.0143;0.0058
Luxembourg;30/09/2017;1;16;0.001194461;0.004490249;0.015992673;0.006439115
Luxembourg;31/12/2017;1;13;0.001509005;0.005573322;0.019415223;0.007838045
Luxembourg;31/03/2018;1;15;0.000874489;0.005318592;0.014187461;0.007541054
Luxembourg;30/06/2018;1;12;0.0008;0.0032;0.008;0.0066
Luxembourg;30/09/2018;1;18;0.0009;0.0029;0.0093;0.007
Luxembourg;31/12/2018;1;21;0.0009;0.002;0.0082;0.0048
Luxembourg;31/03/2019;1;23;2.6227E-07;0.001392939;0.007206301;0.003618775
Luxembourg;30/06/2019;1;23;5.16686E-06;0.000967224;0.004335565;0.002366336
Luxembourg;30/09/2019;1;26;3.70734E-07;0.001098192;0.00396251;0.002692105
Luxembourg;31/12/2019;1;22;7.48636E-06;0.001023566;0.009346549;0.004161827
Luxembourg;31/03/2020;1;19;2.80266E-06;0.000980648;0.009447526;0.005083397
Luxembourg;30/06/2020;1;25;0.000279042;0.001928102;0.006296372;0.00427558
Luxembourg;30/09/2020;1;22;0.000475727;0.004337983;0.011665516;0.009575232
Luxembourg;31/12/2020;1;24;0.000488977;0.002980713;0.026112187;0.010545573
Luxembourg;31/03/2021;1;16;1.02791E-05;0.000942192;0.00618413;0.006654554
Luxembourg;30/06/2021;1;18;4.32172E-07;0.000371331;0.012097656;0.007831665
Luxembourg;30/09/2021;1;19;2.14488E-05;0.000688072;0.008801615;0.005372798
Luxembourg;31/12/2021;1;18;1.62951E-06;0.000866552;0.006465928;0.004675497
Luxembourg;31/03/2022;1;16;0.000274088;0.001561505;0.010708124;0.005348082
Luxembourg;30/06/2022;1;20;0.00030313;0.001962696;0.009654959;0.004906363
Luxembourg;30/09/2022;1;14;0.001182718;0.003706392;0.008074872;0.005080072
Luxembourg;31/12/2022;1;17;0.000907458;0.003609321;0.007313817;0.003378382
Luxembourg;31/03/2023;1;12;0.000693886;0.001729763;0.021565391;0.003044093
Luxembourg;30/06/2023;1;11;0.002303953;0.007258979;0.028945119;0.007725513
Luxembourg;30/09/2023;1;21;2.92092E-05;0.003362526;0.026415998;0.010030622
Luxembourg;31/12/2023;1;21;3.69867E-05;0.003037414;0.041193262;0.015066371
Luxembourg;31/03/2024;1;21;3.05054E-07;0.004620374;0.017378505;0.011630903
Luxembourg;30/06/2024;1;16;0.000534331;0.006125675;0.023885771;0.012799236
Luxembourg;30/09/2024;1;23;0.000888229;0.008677537;0.02226121;0.011078084
Luxembourg;31/12/2024;1;23;0.00083265;0.004364829;0.027222046;0.011759428
Netherlands;31/12/2015;1;18;0.00591424;0.021094197;0.040972926;0.023149584
Netherlands;31/03/2016;1;22;0.001274095;0.01536135;0.04119031;0.01809484
Netherlands;30/06/2016;1;26;0.000338719;0.008105589;0.046978713;0.01495694
Netherlands;30/09/2016;1;23;0.000170296;0.013579415;0.025392701;0.016166073
Netherlands;31/12/2016;1;22;0.000311486;0.009441191;0.028506004;0.0154705
Netherlands;31/03/2017;1;14;0.0003;0.0047;0.0138;0.017
Netherlands;30/06/2017;1;14;0;0.0122;0.0358;0.0205
Netherlands;30/09/2017;1;16;0.000175554;0.008646343;0.040502106;0.020153319
Netherlands;31/12/2017;1;19;0.004445771;0.013709056;0.051362577;0.023224918
Netherlands;31/03/2018;1;15;0.003481456;0.011574992;0.05190483;0.024869358
Netherlands;30/06/2018;1;11;0.0063;0.0139;0.0273;0.0206
Netherlands;30/09/2018;1;14;0.002;0.0069;0.0174;0.0194
Netherlands;31/12/2018;1;14;0.0003;0.0047;0.0138;0.017
Netherlands;31/03/2019;1;21;0;0.000964354;0.00914072;0.017066868
Netherlands;30/06/2019;1;25;0;0.001552787;0.015931198;0.017439441
Netherlands;30/09/2019;1;21;0;0.002894038;0.021553262;0.018390306
Netherlands;31/12/2019;1;24;1.89952E-05;0.006668339;0.017977249;0.017335844
Netherlands;31/03/2020;1;19;0.00020066;0.009314973;0.020831861;0.01682278
Netherlands;30/06/2020;1;18;6.39827E-06;0.005411922;0.023034616;0.018487494
Netherlands;30/09/2020;1;17;0.001635393;0.006603138;0.018765231;0.015844181
Netherlands;31/12/2020;1;17;0.000267611;0.001578158;0.015961882;0.0154047
Netherlands;31/03/2021;1;11;0;0.00045735;0.0200699;0.017708045
Netherlands;30/06/2021;1;20;0.000331235;0.003750994;0.020641438;0.012855305
Netherlands;30/09/2021;1;18;1.36395E-06;0.005828277;0.019982734;0.011512752
Netherlands;31/12/2021;1;17;2.29581E-08;0.002088697;0.007452785;0.008869143
Netherlands;31/03/2022;1;12;6.52706E-07;0.00627695;0.017044184;0.008472258
Netherlands;30/06/2022;1;17;3.82302E-10;0.000383284;0.007646647;0.007163652
Netherlands;30/09/2022;1;12;0.000516356;0.004921334;0.009717934;0.007354397
Netherlands;31/12/2022;1;11;0.002992072;0.006928807;0.013660038;0.00840282
Netherlands;31/03/2023;1;11;0.002115641;0.00795167;0.016636268;0.010977804
Netherlands;30/06/2023;1;12;0.002605681;0.006417796;0.02125537;0.013466548
Netherlands;30/09/2023;1;20;0.000405618;0.005991226;0.016480058;0.015376016
Netherlands;31/12/2023;1;15;0;0.00211355;0.00877744;0.015148789
Netherlands;31/03/2024;1;18;0.000305153;0.005393797;0.008358031;0.013500135
Netherlands;30/06/2024;1;13;0.000870904;0.004729049;0.007668625;0.012727663
Netherlands;30/09/2024;1;18;0.000532056;0.005555228;0.00975917;0.014871233
Netherlands;31/12/2024;1;17;0.000976394;0.004182401;0.005981664;0.012603361
Norway;31/12/2015;1;10;0.002739257;0.006556718;0.032458696;0.009503634
Norway;31/03/2016;1;14;0.001163678;0.0130831;0.020078495;0.012547873
Norway;30/06/2016;1;17;0.002400087;0.009266256;0.020965875;0.014015079
Norway;30/09/2016;1;20;0.006364947;0.016645584;0.044906284;0.015338452
Norway;31/12/2016;1;13;0.010841185;0.030732497;0.03399542;0.014524151
Norway;31/03/2017;1;10;0.0046;0.0111;0.0589;0.0147
Norway;30/06/2017;1;11;0.0045;0.0122;0.0504;0.0151
Norway;30/09/2017;1;9;0.006434223;0.01545561;0.032681451;0.015561655
Norway;31/12/2017;1;10;0.011738875;0.019432886;0.049356246;0.014465768
Norway;31/03/2018;1;13;0.008240411;0.021782976;0.075420762;0.018554543
Norway;30/06/2018;1;12;0.0112;0.0434;0.1129;0.0186
Norway;30/09/2018;1;8;0.0074;0.033;0.0638;0.0163
Norway;31/12/2018;1;10;0.0046;0.0111;0.0589;0.0147
Norway;31/03/2019;1;11;0;0.00573162;0.027289258;0.008302155
Norway;30/06/2019;1;12;7.85041E-06;0.005491602;0.029947185;0.010094406
Norway;30/09/2019;1;11;0;0.004697558;0.012421821;0.006138213
Norway;31/12/2019;1;17;2.70902E-05;0.005916745;0.047944772;0.01219537
Norway;31/03/2020;1;14;0.00035452;0.009981646;0.0452181;0.012741667
Norway;30/06/2020;1;11;0;0.011021481;0.02700986;0.011590942
Norway;30/09/2020;1;13;0.001477803;0.016569113;0.048426101;0.017006939
Norway;31/12/2020;1;10;0;0.002747473;0.022653272;0.016093236
Norway;31/03/2021;1;11;0.000550455;0.004560119;0.020564324;0.015280716
Norway;30/06/2021;1;9;0;0.004292816;0.01575673;0.010340759
Norway;30/09/2021;1;6;0;0.000421553;0.010831605;0.010917652
Norway;31/12/2021;1;6;0;0.001163585;0.002340551;0.013205114
Norway;31/03/2022;1;6;0;0.001615425;0.004234214;0.002155534
Norway;30/06/2022;1;10;8.32707E-05;0.001136051;0.035342976;0.01735117
Norway;30/09/2022;1;7;0.000530113;0.00324131;0.027170529;0.020614286
Norway;31/12/2022;1;6;0.000353143;0.007257222;0.037149615;0.025956509
Norway;31/03/2023;1;10;0.000855319;0.004449193;0.014299325;0.029687261
Norway;30/06/2023;1;8;0.000735231;0.00157811;0.019167536;0.027099418
Norway;30/09/2023;1;10;0.000535095;0.001466802;0.0042059;0.025007207
Norway;31/12/2023;1;11;0;0.001529672;0.005167073;0.02454023
Norway;31/03/2024;1;15;4.15006E-05;0.00063458;0.003568115;0.021649973
Norway;30/06/2024;1;10;0;0.001168813;0.003830067;0.021311463
Norway;30/09/2024;1;10;0;0.00052998;0.002325791;0.023273351
Norway;31/12/2024;1;9;0;0.001318936;0.005786206;0.025430447
Poland;31/12/2015;1;7;1.3858E-06;0.003963609;0.028035497;0.008977606
Poland;31/03/2016;1;7;0.000852293;0.004109066;0.015130826;0.010097085
Poland;30/06/2016;1;8;0.000825896;0.002629716;0.010181146;0.009394744
Poland;30/09/2016;1;12;0.002994896;0.006954065;0.012466844;0.011084767
Poland;31/12/2016;1;6;0.002558719;0.005925116;0.011231696;0.009802494
Poland;31/03/2017;1;7;0.0016;0.0075;0.014;0.0086
Poland;30/06/2017;1;10;0.0005;0.0074;0.0079;0.0075
Poland;30/09/2017;1;10;0.009279648;0.014202069;0.047509983;0.011344966
Poland;31/12/2017;1;7;0.003390073;0.011507;0.046755493;0.011473342
Poland;31/03/2018;1;9;0.002686194;0.008060347;0.016857112;0.01099509
Poland;30/06/2018;1;6;0;0.0064;0.0123;0.0107
Poland;30/09/2018;1;6;0.0032;0.0064;0.0109;0.0095
Poland;31/12/2018;1;7;0.0016;0.0075;0.014;0.0086
Poland;31/03/2019;1;18;0;0.001552833;0.009629344;0.009542676
Poland;30/06/2019;1;15;0;7.27428E-06;0.010030643;0.011170191
Poland;30/09/2019;1;15;0;0.001401047;0.013686663;0.011449675
Poland;31/12/2019;1;13;0;0.002242351;0.015432366;0.015230338
Poland;31/03/2020;1;9;0;0.002209808;0.011319449;0.012706456
Poland;30/06/2020;1;12;1.6149E-06;0.007162803;0.012400417;0.01171045
Poland;30/09/2020;1;11;5.5641E-06;0.00852386;0.01083;0.010185282
Poland;31/12/2020;1;12;2.96541E-06;0.007221895;0.008449549;0.008097493
Poland;31/03/2021;1;12;0.001142778;0.00457321;0.009193675;0.006323196
Poland;30/06/2021;1;11;0;0.004594679;0.007538033;0.004657146
Poland;30/09/2021;1;10;0;0.002643658;0.007243496;0.005597451
Poland;31/12/2021;1;9;0;0.003110777;0.007468535;0.007069977
Poland;31/03/2022;1;8;0.001252477;0.003183899;0.00804804;0.005357129
Poland;30/06/2022;1;11;9.29785E-08;0.003659791;0.046834482;0.006126804
Poland;30/09/2022;1;8;0.000945863;0.004285814;0.01156057;0.00756406
Poland;31/12/2022;1;9;0.004929577;0.017637592;0.065687184;0.008248057
Poland;31/03/2023;1;11;0.002468359;0.005411195;0.036918102;0.012433968
Poland;30/06/2023;1;5;0.006843891;0.030949263;0.053536276;0.017190343
Poland;30/09/2023;1;14;4.51819E-05;0.00237292;0.02802824;0.012915798
Poland;31/12/2023;1;14;0.000698292;0.004981964;0.04422552;0.015481556
Poland;31/03/2024;1;10;0.000620619;0.015624987;0.025370311;0.014027899
Poland;30/06/2024;1;9;0;0.010243143;0.039467113;0.014944212
Poland;30/09/2024;1;9;0;0.019838023;0.026243104;0.023480926
Poland;31/12/2024;1;11;4.68459E-06;0.012706449;0.022487243;0.022498265
Portugal;31/12/2015;1;4;0.032892025;0.091864524;0.156627343;0.117899042
Portugal;31/03/2016;1;9;0.003634313;0.014334401;0.045471778;0.094546119
Portugal;30/06/2016;1;7;0.005333587;0.024192478;0.0778276;0.06539804
Portugal;30/09/2016;1;7;0.001970313;0.023020099;0.086457955;0.068057694
Portugal;31/12/2016;1;8;0.000559115;0.038267294;0.090650169;0.058812239
Portugal;31/03/2017;1;8;0.0061;0.0209;0.0349;0.0274
Portugal;30/06/2017;1;6;0.0166;0.0455;0.073;0.0437
Portugal;30/09/2017;1;5;0.006898;0.015737217;0.029356786;0.02875727
Portugal;31/12/2017;1;4;0.024110023;0.038817298;0.044355631;0.031153315
Portugal;31/03/2018;1;7;0.002267941;0.013798373;0.038736694;0.019882367
Portugal;30/06/2018;1;9;0.0047;0.0126;0.0322;0.0213
Portugal;30/09/2018;1;6;0.008;0.0234;0.0342;0.0276
Portugal;31/12/2018;1;8;0.0061;0.0209;0.0349;0.0274
Portugal;31/03/2019;1;11;0;0.003871028;0.025789461;0.024062644
Portugal;30/06/2019;1;10;0;0.013070544;0.038979187;0.020457974
Portugal;30/09/2019;1;11;0;0.011676418;0.036310366;0.018050297
Portugal;31/12/2019;1;11;0;0.007614004;0.022819852;0.015980818
Portugal;31/03/2020;1;8;0.0006352;0.008607181;0.027042298;0.022347283
Portugal;30/06/2020;1;9;0.001228682;0.009398525;0.024558967;0.023189843
Portugal;30/09/2020;1;7;0.002493165;0.007954851;0.030341573;0.017316786
Portugal;31/12/2020;1;8;0.00024202;0.004674777;0.024942618;0.015414827
Portugal;31/03/2021;1;7;0.000214811;0.006115414;0.016723673;0.009526504
Portugal;30/06/2021;1;8;0;0.004642907;0.012331274;0.008697024
Portugal;30/09/2021;1;8;1.20051E-08;0.008554651;0.012191459;0.01021449
Portugal;31/12/2021;1;8;0.0057696;0.01387013;0.049301982;0.020615748
Portugal;31/03/2022;1;10;0.013643778;0.024179532;0.044189938;0.021965982
Portugal;30/06/2022;1;8;0.007028543;0.015033704;0.056863122;0.024367534
Portugal;30/09/2022;1;10;0.002646368;0.017038255;0.050786645;0.02519778
Portugal;31/12/2022;1;7;0.004993723;0.020933212;0.031209774;0.015882226
Portugal;31/03/2023;1;10;0.004005589;0.012460787;0.032291138;0.027777065
Portugal;30/06/2023;1;5;0.005596017;0.007372147;0.01090084;0.051871661
Portugal;30/09/2023;1;8;0.004507873;0.00960102;0.024215255;0.051527553
Portugal;31/12/2023;1;10;0.000495011;0.003828996;0.01324786;0.060887352
Portugal;31/03/2024;1;9;0.003151703;0.004553068;0.007487198;0.007238654
Portugal;30/06/2024;1;8;0.00116476;0.002719152;0.005280201;0.005759075
Portugal;30/09/2024;1;8;1.69373E-05;0.001133107;0.003135713;0.005701173
Portugal;31/12/2024;1;7;0.000278205;0.004424063;0.008058524;0.006709294
Slovakia;31/12/2015;1;9;0.003092227;0.016796651;0.024795923;0.041415726
Slovakia;31/03/2016;1;7;0.007410184;0.016028437;0.130656215;0.040320222
Slovakia;30/06/2016;1;7;0.006650131;0.016349122;0.092105382;0.031479691
Slovakia;30/09/2016;1;6;0.012654605;0.023832624;0.07879828;0.036655495
Slovakia;31/12/2016;1;5;0.006082884;0.006356616;0.023377133;0.02295539
Slovakia;31/03/2017;1;6;0;0.0015;0.0018;0.0212
Slovakia;30/06/2017;1;4;0.0064;0.0144;0.0597;0.0302
Slovakia;30/09/2017;1;6;0.001737059;0.004965016;0.005371649;0.02079092
Slovakia;31/12/2017;1;5;0.001786904;0.00187063;0.002666581;0.019757809
Slovakia;31/03/2018;1;8;0.001255383;0.00219182;0.08299432;0.021341117
Slovakia;30/06/2018;1;6;0.0011;0.0014;0.0929;0.0216
Slovakia;30/09/2018;1;7;0.0007;0.0009;0.0762;0.018
Slovakia;31/12/2018;1;6;0;0.0015;0.0018;0.0212
Slovakia;31/03/2019;1;11;5.98369E-06;0.000705965;0.001786602;0.019302688
Slovakia;30/06/2019;1;10;9.09126E-06;0.00051064;0.003920949;0.019633387
Slovakia;30/09/2019;1;9;1.44841E-05;0.003504574;0.003709423;0.021556418
Slovakia;31/12/2019;1;13;1.52768E-06;2.55057E-05;0.007303994;0.021388053
Slovakia;31/03/2020;1;10;0;0.001938124;0.007617198;0.023866564
Slovakia;30/06/2020;1;11;0;0.004230994;0.006855612;0.023676476
Slovakia;30/09/2020;1;7;2.45654E-05;0.004248788;0.007288202;0.022950457
Slovakia;31/12/2020;1;10;0;0.002559767;0.006354475;0.02239925
Slovakia;31/03/2021;1;8;0.001001263;0.003951736;0.015174114;0.023103219
Slovakia;30/06/2021;1;12;4.82388E-07;0.002665682;0.008315692;0.014971379
Slovakia;30/09/2021;1;11;0;0.003051313;0.012127606;0.014528762
Slovakia;31/12/2021;1;10;0;0.005310753;0.010108447;0.0113742
Slovakia;31/03/2022;1;9;0.001525244;0.003606125;0.00918617;0.006095635
Slovakia;30/06/2022;1;13;0.002096181;0.004729851;0.00717285;0.005498638
Slovakia;30/09/2022;1;9;0.00152506;0.002806664;0.008143791;0.003451598
Slovakia;31/12/2022;1;7;0.000186165;0.00242951;0.006696066;0.003566759
Slovakia;31/03/2023;1;7;0.001563883;0.002933092;0.006388812;0.002942425
Slovakia;30/06/2023;1;6;0.001097781;0.001897193;0.002743151;0.002561023
Slovakia;30/09/2023;1;11;1.14265E-06;0.002712782;0.004165514;0.003513934
Slovakia;31/12/2023;1;9;0.000533805;0.002648402;0.004867538;0.00386593
Slovakia;31/03/2024;1;9;8.60974E-07;0.000658203;0.005510579;0.004773919
Slovakia;30/06/2024;1;9;6.7755E-07;0.003230978;0.009466633;0.006653775
Slovakia;30/09/2024;1;10;0;0.001876182;0.007213906;0.006763919
Slovakia;31/12/2024;1;9;2.65824E-06;0.003102452;0.008390955;0.006547
Spain;31/12/2015;1;27;0.009498417;0.020933646;0.102830514;0.05233645
Spain;31/03/2016;1;23;0.010599295;0.019543706;0.077695661;0.047954744
Spain;30/06/2016;1;21;0.009459507;0.014324639;0.055036854;0.04862804
Spain;30/09/2016;1;22;0.005181285;0.016173076;0.055036854;0.046758268
Spain;31/12/2016;1;15;0.005240143;0.019126019;0.05779408;0.038269154
Spain;31/03/2017;1;15;0.0013;0.0132;0.0221;0.0206
Spain;30/06/2017;1;14;0.0211;0.0315;0.1059;0.0385
Spain;30/09/2017;1;13;0.011290946;0.032134059;0.067694492;0.031110154
Spain;31/12/2017;1;16;0.004219941;0.023832605;0.057478496;0.031836541
Spain;31/03/2018;1;15;0.004971766;0.016070698;0.031469849;0.029068063
Spain;30/06/2018;1;16;0.0037;0.0243;0.0339;0.0276
Spain;30/09/2018;1;13;0.0108;0.0229;0.0315;0.0234
Spain;31/12/2018;1;15;0.0013;0.0132;0.0221;0.0206
Spain;31/03/2019;1;20;0;0.00937863;0.02669882;0.019639865
Spain;30/06/2019;1;20;7.77709E-16;0.003080811;0.014199754;0.0174369
Spain;30/09/2019;1;21;2.65205E-06;0.00799959;0.017296308;0.019651167
Spain;31/12/2019;1;21;2.69729E-06;0.005532968;0.011836682;0.018244925
Spain;31/03/2020;1;17;0.001132408;0.012318972;0.023878494;0.019221571
Spain;30/06/2020;1;22;0.000577588;0.009073046;0.026716559;0.019369527
Spain;30/09/2020;1;15;5.50821E-06;0.013804806;0.025346679;0.015880586
Spain;31/12/2020;1;21;0.000943608;0.006354609;0.017584444;0.014157709
Spain;31/03/2021;1;15;9.23649E-05;0.01344492;0.022351807;0.015363656
Spain;30/06/2021;1;15;0.000100119;0.017190951;0.024040298;0.018928019
Spain;30/09/2021;1;16;0.001956616;0.021612405;0.058697321;0.021784542
Spain;31/12/2021;1;16;0.002696211;0.014049148;0.032214632;0.031179667
Spain;31/03/2022;1;13;0.002113288;0.017472999;0.028778197;0.032307893
Spain;30/06/2022;1;15;0.000423158;0.015996847;0.06757591;0.030914247
Spain;30/09/2022;1;15;0.000744202;0.007281397;0.036248121;0.024609634
Spain;31/12/2022;1;11;0.001206932;0.008342077;0.037110755;0.021323222
Spain;31/03/2023;1;11;0.000914468;0.022645099;0.031334577;0.021441169
Spain;30/06/2023;1;12;0.00121151;0.010168345;0.019387955;0.020508308
Spain;30/09/2023;1;17;0.000797045;0.007744529;0.017532928;0.018673804
Spain;31/12/2023;1;17;0.000699089;0.005720725;0.020444033;0.018786932
Spain;31/03/2024;1;19;4.09605E-05;0.003840395;0.012633556;0.017855816
Spain;30/06/2024;1;14;0.000106258;0.002176931;0.011960636;0.015631037
Spain;30/09/2024;1;18;0.000957913;0.00636906;0.014374327;0.014500137
Spain;31/12/2024;1;16;0.001019388;0.005592441;0.010140852;0.012576224
Sweden;31/12/2015;1;10;0.000997122;0.002090954;0.005514111;0.003033504
Sweden;31/03/2016;1;15;0.000829401;0.004041423;0.033867961;0.003344098
Sweden;30/06/2016;1;11;0.000977192;0.00368094;0.008107711;0.003415904
Sweden;30/09/2016;1;12;0.001667718;0.004673062;0.016995916;0.003212109
Sweden;31/12/2016;1;12;0.00131641;0.003303673;0.014203326;0.002572627
Sweden;31/03/2017;1;7;0.0005;0.0011;0.0079;0.0017
Sweden;30/06/2017;1;10;0.0005;0.0027;0.0181;0.0022
Sweden;30/09/2017;1;8;0.000629845;0.001544224;0.007056094;0.001815035
Sweden;31/12/2017;1;6;0.000514145;0.001609451;0.005096108;0.001767052
Sweden;31/03/2018;1;8;0.001054159;0.00397232;0.018451826;0.002154603
Sweden;30/06/2018;1;11;0.0006;0.0023;0.0136;0.0021
Sweden;30/09/2018;1;11;0.0009;0.0052;0.0184;0.0019
Sweden;31/12/2018;1;7;0.0005;0.0011;0.0079;0.0017
Sweden;31/03/2019;1;14;0;0.000124047;0.001030252;0.001396809
Sweden;30/06/2019;1;13;0;0.000527872;0.006669632;0.00208401
Sweden;30/09/2019;1;15;0;0.00189182;0.014668303;0.00388831
Sweden;31/12/2019;1;14;0;0.001868242;0.006769981;0.00332483
Sweden;31/03/2020;1;12;0.000296192;0.003924295;0.013582046;0.003670161
Sweden;30/06/2020;1;17;0.000123766;0.002904231;0.007800124;0.003995755
Sweden;30/09/2020;1;11;0.000278005;0.0023155;0.003345139;0.002857963
Sweden;31/12/2020;1;13;0.000328645;0.001627468;0.009008846;0.002547743
Sweden;31/03/2021;1;12;0.00024739;0.001258915;0.007519955;0.002045427
Sweden;30/06/2021;1;9;0;0.000313465;0.00146206;0.001141289
Sweden;30/09/2021;1;8;0;0.000272676;0.001273847;0.001095196
Sweden;31/12/2021;1;9;6.01932E-06;0.000139699;0.00115084;0.000650637
Sweden;31/03/2022;1;8;6.84355E-06;0.000678625;0.001671802;0.001288118
Sweden;30/06/2022;1;11;5.5935E-06;0.001825004;0.00750584;0.002613139
Sweden;30/09/2022;1;13;0.000521134;0.002051324;0.005386191;0.002917079
Sweden;31/12/2022;1;8;0.001867577;0.003875875;0.019805979;0.003157135
Sweden;31/03/2023;1;12;0.000258559;0.001711259;0.021998499;0.003120115
Sweden;30/06/2023;1;13;0.000353174;0.000773716;0.002056499;0.002089789
Sweden;30/09/2023;1;13;0.000333045;0.000673103;0.001809985;0.002826547
Sweden;31/12/2023;1;17;0.000446506;0.000993188;0.013254358;0.005473243
Sweden;31/03/2024;1;16;0.000567462;0.002055887;0.012011857;0.006347441
Sweden;30/06/2024;1;19;0.000481862;0.003934141;0.01878127;0.008271636
Sweden;30/09/2024;1;19;0.000814901;0.011867481;0.076586255;0.012550634
Sweden;31/12/2024;1;17;0.00257477;0.010647725;0.091096764;0.011528248
United Kingdom;31/12/2015;1;26;0.00215387;0.005138482;0.017934965;0.007678437
United Kingdom;31/03/2016;1;32;0.001798014;0.005485364;0.020259397;0.007930707
United Kingdom;30/06/2016;1;33;0.001883759;0.006088895;0.028608741;0.009559659
United Kingdom;30/09/2016;1;34;0.002371532;0.007567811;0.017789361;0.01015246
United Kingdom;31/12/2016;1;28;0.00068868;0.005245188;0.012772345;0.010248045
United Kingdom;31/03/2017;1;23;0.0018;0.0044;0.0154;0.0089
United Kingdom;30/06/2017;1;22;0.0049;0.0074;0.0316;0.0096
United Kingdom;30/09/2017;1;23;0.002652481;0.005410039;0.019691371;0.009038455
United Kingdom;31/12/2017;1;24;0.004009794;0.007769825;0.020166668;0.012365614
United Kingdom;31/03/2018;1;25;0.004414842;0.00632454;0.022871169;0.013013795
United Kingdom;30/06/2018;1;24;0.0031;0.0065;0.0133;0.0125
United Kingdom;30/09/2018;1;21;0.0018;0.0045;0.0117;0.0107
United Kingdom;31/12/2018;1;23;0.0018;0.0044;0.0154;0.0089
United Kingdom;31/03/2019;1;29;3.45373E-05;0.002713134;0.011584254;0.009127901
United Kingdom;30/06/2019;1;32;0.000626306;0.005882454;0.023323053;0.011326989
United Kingdom;30/09/2019;1;34;0.000586839;0.007619275;0.02420805;0.011808552
United Kingdom;31/12/2019;1;34;0.000156281;0.009845509;0.021666147;0.012673592
United Kingdom;31/03/2020;1;27;0.00273495;0.008609389;0.020741362;0.011380314
United Kingdom;30/06/2020;1;27;0.00282561;0.007645347;0.018721203;0.01069254
United Kingdom;30/09/2020;1;28;0.001476365;0.007108993;0.029337172;0.011696777
United Kingdom;31/12/2020;1;27;0.002250437;0.009918676;0.036680588;0.011809814
United Kingdom;31/03/2021;1;22;0.000315026;0.012190397;0.064683154;0.015824729
United Kingdom;30/06/2021;1;19;0.001359901;0.008369049;0.053813076;0.013086814
United Kingdom;30/09/2021;1;19;3.84011E-06;0.005996365;0.021571577;0.010281314
United Kingdom;31/12/2021;1;21;0.00185445;0.010690043;0.027202003;0.013841628
United Kingdom;31/03/2022;1;16;5.04405E-05;0.005894402;0.023461706;0.011961207
United Kingdom;30/06/2022;1;21;0.000210431;0.003353276;0.015295412;0.008169149
United Kingdom;30/09/2022;1;15;0.000198105;0.009637499;0.028391183;0.008728017
United Kingdom;31/12/2022;1;21;8.92829E-05;0.001882359;0.014061223;0.005541311
United Kingdom;31/03/2023;1;17;0.00063606;0.007552769;0.011811207;0.00569854
United Kingdom;30/06/2023;1;14;0.000812336;0.00553893;0.011431415;0.006120636
United Kingdom;30/09/2023;1;23;1.3305E-05;0.001033276;0.010732266;0.006868253
United Kingdom;31/12/2023;1;17;2.226E-07;0.001203703;0.010791948;0.009595166
United Kingdom;31/03/2024;1;19;2.99227E-07;0.000954611;0.015237784;0.006438577
United Kingdom;30/06/2024;1;24;9.37991E-06;0.003487855;0.01386256;0.008925063
United Kingdom;30/09/2024;1;25;0.000487924;0.007989682;0.015598623;0.012833319
United Kingdom;31/12/2024;1;20;0.000554166;0.010808215;0.01738444;0.014031952
United States;31/12/2015;1;19;0.000929289;0.002430552;0.007763995;0.005210331
United States;31/03/2016;1;26;0.001871336;0.006220762;0.013178038;0.008416086
United States;30/06/2016;1;27;0.00326662;0.009466458;0.013944643;0.009544173
United States;30/09/2016;1;25;0.002132368;0.009639508;0.012884492;0.009087546
United States;31/12/2016;1;24;0.004042529;0.010000262;0.014253058;0.009573566
United States;31/03/2017;1;20;0.0015;0.0035;0.0083;0.0029
United States;30/06/2017;1;22;0.0034;0.007;0.0122;0.0072
United States;30/09/2017;1;19;0.003324566;0.010469586;0.012691451;0.007597363
United States;31/12/2017;1;21;0.001723289;0.005923105;0.010838485;0.005699442
United States;31/03/2018;1;16;0.002387137;0.005787327;0.012177769;0.005918717
United States;30/06/2018;1;21;0.0018;0.0043;0.0112;0.0045
United States;30/09/2018;1;15;0.0019;0.0042;0.0083;0.0043
United States;31/12/2018;1;20;0.0015;0.0035;0.0083;0.0029
United States;31/03/2019;1;26;0.000012365;0.002754643;0.00779363;0.003808993
United States;30/06/2019;1;30;1.5365E-05;0.002544373;0.00806012;0.003789637
United States;30/09/2019;1;25;0.001488259;0.003014514;0.008971197;0.004924158
United States;31/12/2019;1;25;0.000506443;0.004863039;0.010051554;0.006242581
United States;31/03/2020;1;21;2.5663E-05;0.002245508;0.00797591;0.00537743
United States;30/06/2020;1;26;0.001113861;0.007274798;0.013976441;0.00919556
United States;30/09/2020;1;20;0.002342372;0.006031103;0.00993554;0.010073703
United States;31/12/2020;1;28;0.003031204;0.009217702;0.028099869;0.011291454
United States;31/03/2021;1;25;0.000455169;0.007278419;0.009696287;0.008396206
United States;30/06/2021;1;20;0.000307273;0.006450028;0.014909936;0.008998246
United States;30/09/2021;1;21;6.56526E-07;0.006139125;0.013989321;0.007704855
United States;31/12/2021;1;22;0.000201579;0.002831135;0.010982655;0.005892009
United States;31/03/2022;1;17;0.000195402;0.002431671;0.00854587;0.005798085
United States;30/06/2022;1;17;0.000382272;0.00207174;0.005007833;0.005074059
United States;30/09/2022;1;16;0.00092083;0.004852324;0.014982752;0.008229206
United States;31/12/2022;1;19;0.001238786;0.005088667;0.016125462;0.008208015
United States;31/03/2023;1;16;0.001462574;0.008448404;0.022149299;0.008720081
United States;30/06/2023;1;16;0.001630522;0.005655013;0.018395939;0.009584979
United States;30/09/2023;1;29;0.002799893;0.007890349;0.031456496;0.010094958
United States;31/12/2023;1;23;0.002188823;0.00697244;0.028734994;0.014154408
United States;31/03/2024;1;21;0.001954007;0.007796952;0.035796295;0.015339462
United States;30/06/2024;1;22;0.000884391;0.006150362;0.042141669;0.014099709
United States;30/09/2024;1;21;0.000617975;0.004853764;0.042815083;0.014951971
United States;31/12/2024;1;24;0.000360296;0.007010417;0.029037397;0.011521665
